[0.049s] DEBUG:colcon:Command line arguments: ['/usr/bin/colcon', 'build', '--symlink-install']
[0.049s] DEBUG:colcon:Parsed command line arguments: Namespace(log_base=None, log_level=None, verb_name='build', build_base='build', install_base='install', merge_install=False, symlink_install=True, test_result_base=None, continue_on_error=False, executor='parallel', parallel_workers=32, event_handlers=None, ignore_user_meta=False, metas=['./colcon.meta'], base_paths=['.'], packages_ignore=None, packages_ignore_regex=None, paths=None, packages_up_to=None, packages_up_to_regex=None, packages_above=None, packages_above_and_dependencies=None, packages_above_depth=None, packages_select_by_dep=None, packages_skip_by_dep=None, packages_skip_up_to=None, packages_select_build_failed=False, packages_skip_build_finished=False, packages_select_test_failures=False, packages_skip_test_passed=False, packages_select=None, packages_skip=None, packages_select_regex=None, packages_skip_regex=None, packages_start=None, packages_end=None, allow_overriding=[], cmake_args=None, cmake_target=None, cmake_target_skip_unavailable=False, cmake_clean_cache=False, cmake_clean_first=False, cmake_force_configure=False, ament_cmake_args=None, catkin_cmake_args=None, catkin_skip_building_tests=False, mixin_files=None, mixin=None, verb_parser=<colcon_mixin.mixin.mixin_argument.MixinArgumentDecorator object at 0x76d755acf1a0>, verb_extension=<colcon_core.verb.build.BuildVerb object at 0x76d755a19f70>, main=<bound method BuildVerb.main of <colcon_core.verb.build.BuildVerb object at 0x76d755a19f70>>, mixin_verb=('build',))
[0.066s] Level 1:colcon.colcon_core.package_discovery:discover_packages(colcon_meta) check parameters
[0.066s] Level 1:colcon.colcon_core.package_discovery:discover_packages(recursive) check parameters
[0.066s] Level 1:colcon.colcon_core.package_discovery:discover_packages(ignore) check parameters
[0.066s] Level 1:colcon.colcon_core.package_discovery:discover_packages(path) check parameters
[0.066s] Level 1:colcon.colcon_core.package_discovery:discover_packages(colcon_meta) discover
[0.066s] Level 1:colcon.colcon_core.package_discovery:discover_packages(recursive) discover
[0.066s] INFO:colcon.colcon_core.package_discovery:Crawling recursively for packages in '/home/rmc/ros2cli'
[0.066s] Level 1:colcon.colcon_core.package_identification:_identify(.) by extensions ['ignore', 'ignore_ament_install']
[0.067s] Level 1:colcon.colcon_core.package_identification:_identify(.) by extension 'ignore'
[0.067s] Level 1:colcon.colcon_core.package_identification:_identify(.) by extension 'ignore_ament_install'
[0.067s] Level 1:colcon.colcon_core.package_identification:_identify(.) by extensions ['colcon_pkg']
[0.067s] Level 1:colcon.colcon_core.package_identification:_identify(.) by extension 'colcon_pkg'
[0.067s] Level 1:colcon.colcon_core.package_identification:_identify(.) by extensions ['colcon_meta']
[0.067s] Level 1:colcon.colcon_core.package_identification:_identify(.) by extension 'colcon_meta'
[0.067s] Level 1:colcon.colcon_core.package_identification:_identify(.) by extensions ['ros']
[0.067s] Level 1:colcon.colcon_core.package_identification:_identify(.) by extension 'ros'
[0.079s] Level 1:colcon.colcon_core.package_identification:_identify(.) by extensions ['cmake', 'python']
[0.079s] Level 1:colcon.colcon_core.package_identification:_identify(.) by extension 'cmake'
[0.079s] Level 1:colcon.colcon_core.package_identification:_identify(.) by extension 'python'
[0.079s] Level 1:colcon.colcon_core.package_identification:_identify(.) by extensions ['python_setup_py']
[0.079s] Level 1:colcon.colcon_core.package_identification:_identify(.) by extension 'python_setup_py'
[0.079s] Level 1:colcon.colcon_core.package_identification:_identify(BAR) by extensions ['ignore', 'ignore_ament_install']
[0.079s] Level 1:colcon.colcon_core.package_identification:_identify(BAR) by extension 'ignore'
[0.079s] Level 1:colcon.colcon_core.package_identification:_identify(BAR) by extension 'ignore_ament_install'
[0.079s] Level 1:colcon.colcon_core.package_identification:_identify(BAR) by extensions ['colcon_pkg']
[0.079s] Level 1:colcon.colcon_core.package_identification:_identify(BAR) by extension 'colcon_pkg'
[0.079s] Level 1:colcon.colcon_core.package_identification:_identify(BAR) by extensions ['colcon_meta']
[0.079s] Level 1:colcon.colcon_core.package_identification:_identify(BAR) by extension 'colcon_meta'
[0.079s] Level 1:colcon.colcon_core.package_identification:_identify(BAR) by extensions ['ros']
[0.079s] Level 1:colcon.colcon_core.package_identification:_identify(BAR) by extension 'ros'
[0.079s] Level 1:colcon.colcon_core.package_identification:_identify(BAR) by extensions ['cmake', 'python']
[0.079s] Level 1:colcon.colcon_core.package_identification:_identify(BAR) by extension 'cmake'
[0.079s] Level 1:colcon.colcon_core.package_identification:_identify(BAR) by extension 'python'
[0.079s] Level 1:colcon.colcon_core.package_identification:_identify(BAR) by extensions ['python_setup_py']
[0.079s] Level 1:colcon.colcon_core.package_identification:_identify(BAR) by extension 'python_setup_py'
[0.079s] Level 1:colcon.colcon_core.package_identification:_identify(BAR/log) by extensions ['ignore', 'ignore_ament_install']
[0.079s] Level 1:colcon.colcon_core.package_identification:_identify(BAR/log) by extension 'ignore'
[0.079s] Level 1:colcon.colcon_core.package_identification:_identify(BAR/log) by extension 'ignore_ament_install'
[0.079s] Level 1:colcon.colcon_core.package_identification:_identify(BAR/log) by extensions ['colcon_pkg']
[0.079s] Level 1:colcon.colcon_core.package_identification:_identify(BAR/log) by extension 'colcon_pkg'
[0.079s] Level 1:colcon.colcon_core.package_identification:_identify(BAR/log) by extensions ['colcon_meta']
[0.080s] Level 1:colcon.colcon_core.package_identification:_identify(BAR/log) by extension 'colcon_meta'
[0.080s] Level 1:colcon.colcon_core.package_identification:_identify(BAR/log) by extensions ['ros']
[0.080s] Level 1:colcon.colcon_core.package_identification:_identify(BAR/log) by extension 'ros'
[0.080s] Level 1:colcon.colcon_core.package_identification:_identify(BAR/log) by extensions ['cmake', 'python']
[0.080s] Level 1:colcon.colcon_core.package_identification:_identify(BAR/log) by extension 'cmake'
[0.080s] Level 1:colcon.colcon_core.package_identification:_identify(BAR/log) by extension 'python'
[0.080s] Level 1:colcon.colcon_core.package_identification:_identify(BAR/log) by extensions ['python_setup_py']
[0.080s] Level 1:colcon.colcon_core.package_identification:_identify(BAR/log) by extension 'python_setup_py'
[0.080s] Level 1:colcon.colcon_core.package_identification:_identify(build) by extensions ['ignore', 'ignore_ament_install']
[0.080s] Level 1:colcon.colcon_core.package_identification:_identify(build) by extension 'ignore'
[0.080s] Level 1:colcon.colcon_core.package_identification:_identify(build) ignored
[0.080s] Level 1:colcon.colcon_core.package_identification:_identify(install) by extensions ['ignore', 'ignore_ament_install']
[0.080s] Level 1:colcon.colcon_core.package_identification:_identify(install) by extension 'ignore'
[0.080s] Level 1:colcon.colcon_core.package_identification:_identify(install) ignored
[0.080s] Level 1:colcon.colcon_core.package_identification:_identify(log) by extensions ['ignore', 'ignore_ament_install']
[0.080s] Level 1:colcon.colcon_core.package_identification:_identify(log) by extension 'ignore'
[0.080s] Level 1:colcon.colcon_core.package_identification:_identify(log) ignored
[0.080s] Level 1:colcon.colcon_core.package_identification:_identify(ros2action) by extensions ['ignore', 'ignore_ament_install']
[0.080s] Level 1:colcon.colcon_core.package_identification:_identify(ros2action) by extension 'ignore'
[0.080s] Level 1:colcon.colcon_core.package_identification:_identify(ros2action) by extension 'ignore_ament_install'
[0.080s] Level 1:colcon.colcon_core.package_identification:_identify(ros2action) by extensions ['colcon_pkg']
[0.080s] Level 1:colcon.colcon_core.package_identification:_identify(ros2action) by extension 'colcon_pkg'
[0.080s] Level 1:colcon.colcon_core.package_identification:_identify(ros2action) by extensions ['colcon_meta']
[0.080s] Level 1:colcon.colcon_core.package_identification:_identify(ros2action) by extension 'colcon_meta'
[0.080s] Level 1:colcon.colcon_core.package_identification:_identify(ros2action) by extensions ['ros']
[0.080s] Level 1:colcon.colcon_core.package_identification:_identify(ros2action) by extension 'ros'
[0.081s] DEBUG:colcon.colcon_core.package_identification:Package 'ros2action' with type 'ros.ament_python' and name 'ros2action'
[0.081s] Level 1:colcon.colcon_core.package_identification:_identify(ros2cli) by extensions ['ignore', 'ignore_ament_install']
[0.081s] Level 1:colcon.colcon_core.package_identification:_identify(ros2cli) by extension 'ignore'
[0.081s] Level 1:colcon.colcon_core.package_identification:_identify(ros2cli) by extension 'ignore_ament_install'
[0.081s] Level 1:colcon.colcon_core.package_identification:_identify(ros2cli) by extensions ['colcon_pkg']
[0.081s] Level 1:colcon.colcon_core.package_identification:_identify(ros2cli) by extension 'colcon_pkg'
[0.081s] Level 1:colcon.colcon_core.package_identification:_identify(ros2cli) by extensions ['colcon_meta']
[0.081s] Level 1:colcon.colcon_core.package_identification:_identify(ros2cli) by extension 'colcon_meta'
[0.081s] Level 1:colcon.colcon_core.package_identification:_identify(ros2cli) by extensions ['ros']
[0.082s] Level 1:colcon.colcon_core.package_identification:_identify(ros2cli) by extension 'ros'
[0.082s] DEBUG:colcon.colcon_core.package_identification:Package 'ros2cli' with type 'ros.ament_python' and name 'ros2cli'
[0.082s] Level 1:colcon.colcon_core.package_identification:_identify(ros2cli_test_interfaces) by extensions ['ignore', 'ignore_ament_install']
[0.082s] Level 1:colcon.colcon_core.package_identification:_identify(ros2cli_test_interfaces) by extension 'ignore'
[0.082s] Level 1:colcon.colcon_core.package_identification:_identify(ros2cli_test_interfaces) by extension 'ignore_ament_install'
[0.082s] Level 1:colcon.colcon_core.package_identification:_identify(ros2cli_test_interfaces) by extensions ['colcon_pkg']
[0.082s] Level 1:colcon.colcon_core.package_identification:_identify(ros2cli_test_interfaces) by extension 'colcon_pkg'
[0.082s] Level 1:colcon.colcon_core.package_identification:_identify(ros2cli_test_interfaces) by extensions ['colcon_meta']
[0.082s] Level 1:colcon.colcon_core.package_identification:_identify(ros2cli_test_interfaces) by extension 'colcon_meta'
[0.082s] Level 1:colcon.colcon_core.package_identification:_identify(ros2cli_test_interfaces) by extensions ['ros']
[0.082s] Level 1:colcon.colcon_core.package_identification:_identify(ros2cli_test_interfaces) by extension 'ros'
[0.082s] DEBUG:colcon.colcon_core.package_identification:Package 'ros2cli_test_interfaces' with type 'ros.ament_cmake' and name 'ros2cli_test_interfaces'
[0.082s] Level 1:colcon.colcon_core.package_identification:_identify(ros2component) by extensions ['ignore', 'ignore_ament_install']
[0.082s] Level 1:colcon.colcon_core.package_identification:_identify(ros2component) by extension 'ignore'
[0.082s] Level 1:colcon.colcon_core.package_identification:_identify(ros2component) by extension 'ignore_ament_install'
[0.082s] Level 1:colcon.colcon_core.package_identification:_identify(ros2component) by extensions ['colcon_pkg']
[0.082s] Level 1:colcon.colcon_core.package_identification:_identify(ros2component) by extension 'colcon_pkg'
[0.082s] Level 1:colcon.colcon_core.package_identification:_identify(ros2component) by extensions ['colcon_meta']
[0.082s] Level 1:colcon.colcon_core.package_identification:_identify(ros2component) by extension 'colcon_meta'
[0.082s] Level 1:colcon.colcon_core.package_identification:_identify(ros2component) by extensions ['ros']
[0.082s] Level 1:colcon.colcon_core.package_identification:_identify(ros2component) by extension 'ros'
[0.083s] DEBUG:colcon.colcon_core.package_identification:Package 'ros2component' with type 'ros.ament_python' and name 'ros2component'
[0.083s] Level 1:colcon.colcon_core.package_identification:_identify(ros2doctor) by extensions ['ignore', 'ignore_ament_install']
[0.083s] Level 1:colcon.colcon_core.package_identification:_identify(ros2doctor) by extension 'ignore'
[0.083s] Level 1:colcon.colcon_core.package_identification:_identify(ros2doctor) by extension 'ignore_ament_install'
[0.083s] Level 1:colcon.colcon_core.package_identification:_identify(ros2doctor) by extensions ['colcon_pkg']
[0.083s] Level 1:colcon.colcon_core.package_identification:_identify(ros2doctor) by extension 'colcon_pkg'
[0.083s] Level 1:colcon.colcon_core.package_identification:_identify(ros2doctor) by extensions ['colcon_meta']
[0.083s] Level 1:colcon.colcon_core.package_identification:_identify(ros2doctor) by extension 'colcon_meta'
[0.083s] Level 1:colcon.colcon_core.package_identification:_identify(ros2doctor) by extensions ['ros']
[0.083s] Level 1:colcon.colcon_core.package_identification:_identify(ros2doctor) by extension 'ros'
[0.083s] DEBUG:colcon.colcon_core.package_identification:Package 'ros2doctor' with type 'ros.ament_python' and name 'ros2doctor'
[0.083s] Level 1:colcon.colcon_core.package_identification:_identify(ros2interface) by extensions ['ignore', 'ignore_ament_install']
[0.083s] Level 1:colcon.colcon_core.package_identification:_identify(ros2interface) by extension 'ignore'
[0.083s] Level 1:colcon.colcon_core.package_identification:_identify(ros2interface) by extension 'ignore_ament_install'
[0.083s] Level 1:colcon.colcon_core.package_identification:_identify(ros2interface) by extensions ['colcon_pkg']
[0.083s] Level 1:colcon.colcon_core.package_identification:_identify(ros2interface) by extension 'colcon_pkg'
[0.083s] Level 1:colcon.colcon_core.package_identification:_identify(ros2interface) by extensions ['colcon_meta']
[0.083s] Level 1:colcon.colcon_core.package_identification:_identify(ros2interface) by extension 'colcon_meta'
[0.083s] Level 1:colcon.colcon_core.package_identification:_identify(ros2interface) by extensions ['ros']
[0.083s] Level 1:colcon.colcon_core.package_identification:_identify(ros2interface) by extension 'ros'
[0.083s] DEBUG:colcon.colcon_core.package_identification:Package 'ros2interface' with type 'ros.ament_python' and name 'ros2interface'
[0.084s] Level 1:colcon.colcon_core.package_identification:_identify(ros2lifecycle) by extensions ['ignore', 'ignore_ament_install']
[0.084s] Level 1:colcon.colcon_core.package_identification:_identify(ros2lifecycle) by extension 'ignore'
[0.084s] Level 1:colcon.colcon_core.package_identification:_identify(ros2lifecycle) by extension 'ignore_ament_install'
[0.084s] Level 1:colcon.colcon_core.package_identification:_identify(ros2lifecycle) by extensions ['colcon_pkg']
[0.084s] Level 1:colcon.colcon_core.package_identification:_identify(ros2lifecycle) by extension 'colcon_pkg'
[0.084s] Level 1:colcon.colcon_core.package_identification:_identify(ros2lifecycle) by extensions ['colcon_meta']
[0.084s] Level 1:colcon.colcon_core.package_identification:_identify(ros2lifecycle) by extension 'colcon_meta'
[0.084s] Level 1:colcon.colcon_core.package_identification:_identify(ros2lifecycle) by extensions ['ros']
[0.084s] Level 1:colcon.colcon_core.package_identification:_identify(ros2lifecycle) by extension 'ros'
[0.084s] DEBUG:colcon.colcon_core.package_identification:Package 'ros2lifecycle' with type 'ros.ament_python' and name 'ros2lifecycle'
[0.084s] Level 1:colcon.colcon_core.package_identification:_identify(ros2lifecycle_test_fixtures) by extensions ['ignore', 'ignore_ament_install']
[0.084s] Level 1:colcon.colcon_core.package_identification:_identify(ros2lifecycle_test_fixtures) by extension 'ignore'
[0.084s] Level 1:colcon.colcon_core.package_identification:_identify(ros2lifecycle_test_fixtures) by extension 'ignore_ament_install'
[0.084s] Level 1:colcon.colcon_core.package_identification:_identify(ros2lifecycle_test_fixtures) by extensions ['colcon_pkg']
[0.084s] Level 1:colcon.colcon_core.package_identification:_identify(ros2lifecycle_test_fixtures) by extension 'colcon_pkg'
[0.084s] Level 1:colcon.colcon_core.package_identification:_identify(ros2lifecycle_test_fixtures) by extensions ['colcon_meta']
[0.084s] Level 1:colcon.colcon_core.package_identification:_identify(ros2lifecycle_test_fixtures) by extension 'colcon_meta'
[0.084s] Level 1:colcon.colcon_core.package_identification:_identify(ros2lifecycle_test_fixtures) by extensions ['ros']
[0.084s] Level 1:colcon.colcon_core.package_identification:_identify(ros2lifecycle_test_fixtures) by extension 'ros'
[0.084s] DEBUG:colcon.colcon_core.package_identification:Package 'ros2lifecycle_test_fixtures' with type 'ros.ament_cmake' and name 'ros2lifecycle_test_fixtures'
[0.084s] Level 1:colcon.colcon_core.package_identification:_identify(ros2multicast) by extensions ['ignore', 'ignore_ament_install']
[0.084s] Level 1:colcon.colcon_core.package_identification:_identify(ros2multicast) by extension 'ignore'
[0.084s] Level 1:colcon.colcon_core.package_identification:_identify(ros2multicast) by extension 'ignore_ament_install'
[0.084s] Level 1:colcon.colcon_core.package_identification:_identify(ros2multicast) by extensions ['colcon_pkg']
[0.084s] Level 1:colcon.colcon_core.package_identification:_identify(ros2multicast) by extension 'colcon_pkg'
[0.084s] Level 1:colcon.colcon_core.package_identification:_identify(ros2multicast) by extensions ['colcon_meta']
[0.084s] Level 1:colcon.colcon_core.package_identification:_identify(ros2multicast) by extension 'colcon_meta'
[0.084s] Level 1:colcon.colcon_core.package_identification:_identify(ros2multicast) by extensions ['ros']
[0.084s] Level 1:colcon.colcon_core.package_identification:_identify(ros2multicast) by extension 'ros'
[0.085s] DEBUG:colcon.colcon_core.package_identification:Package 'ros2multicast' with type 'ros.ament_python' and name 'ros2multicast'
[0.085s] Level 1:colcon.colcon_core.package_identification:_identify(ros2node) by extensions ['ignore', 'ignore_ament_install']
[0.085s] Level 1:colcon.colcon_core.package_identification:_identify(ros2node) by extension 'ignore'
[0.085s] Level 1:colcon.colcon_core.package_identification:_identify(ros2node) by extension 'ignore_ament_install'
[0.085s] Level 1:colcon.colcon_core.package_identification:_identify(ros2node) by extensions ['colcon_pkg']
[0.085s] Level 1:colcon.colcon_core.package_identification:_identify(ros2node) by extension 'colcon_pkg'
[0.085s] Level 1:colcon.colcon_core.package_identification:_identify(ros2node) by extensions ['colcon_meta']
[0.085s] Level 1:colcon.colcon_core.package_identification:_identify(ros2node) by extension 'colcon_meta'
[0.085s] Level 1:colcon.colcon_core.package_identification:_identify(ros2node) by extensions ['ros']
[0.085s] Level 1:colcon.colcon_core.package_identification:_identify(ros2node) by extension 'ros'
[0.085s] DEBUG:colcon.colcon_core.package_identification:Package 'ros2node' with type 'ros.ament_python' and name 'ros2node'
[0.085s] Level 1:colcon.colcon_core.package_identification:_identify(ros2param) by extensions ['ignore', 'ignore_ament_install']
[0.085s] Level 1:colcon.colcon_core.package_identification:_identify(ros2param) by extension 'ignore'
[0.085s] Level 1:colcon.colcon_core.package_identification:_identify(ros2param) by extension 'ignore_ament_install'
[0.085s] Level 1:colcon.colcon_core.package_identification:_identify(ros2param) by extensions ['colcon_pkg']
[0.085s] Level 1:colcon.colcon_core.package_identification:_identify(ros2param) by extension 'colcon_pkg'
[0.085s] Level 1:colcon.colcon_core.package_identification:_identify(ros2param) by extensions ['colcon_meta']
[0.085s] Level 1:colcon.colcon_core.package_identification:_identify(ros2param) by extension 'colcon_meta'
[0.085s] Level 1:colcon.colcon_core.package_identification:_identify(ros2param) by extensions ['ros']
[0.085s] Level 1:colcon.colcon_core.package_identification:_identify(ros2param) by extension 'ros'
[0.085s] DEBUG:colcon.colcon_core.package_identification:Package 'ros2param' with type 'ros.ament_python' and name 'ros2param'
[0.085s] Level 1:colcon.colcon_core.package_identification:_identify(ros2pkg) by extensions ['ignore', 'ignore_ament_install']
[0.086s] Level 1:colcon.colcon_core.package_identification:_identify(ros2pkg) by extension 'ignore'
[0.086s] Level 1:colcon.colcon_core.package_identification:_identify(ros2pkg) by extension 'ignore_ament_install'
[0.086s] Level 1:colcon.colcon_core.package_identification:_identify(ros2pkg) by extensions ['colcon_pkg']
[0.086s] Level 1:colcon.colcon_core.package_identification:_identify(ros2pkg) by extension 'colcon_pkg'
[0.086s] Level 1:colcon.colcon_core.package_identification:_identify(ros2pkg) by extensions ['colcon_meta']
[0.086s] Level 1:colcon.colcon_core.package_identification:_identify(ros2pkg) by extension 'colcon_meta'
[0.086s] Level 1:colcon.colcon_core.package_identification:_identify(ros2pkg) by extensions ['ros']
[0.086s] Level 1:colcon.colcon_core.package_identification:_identify(ros2pkg) by extension 'ros'
[0.086s] DEBUG:colcon.colcon_core.package_identification:Package 'ros2pkg' with type 'ros.ament_python' and name 'ros2pkg'
[0.086s] Level 1:colcon.colcon_core.package_identification:_identify(ros2run) by extensions ['ignore', 'ignore_ament_install']
[0.086s] Level 1:colcon.colcon_core.package_identification:_identify(ros2run) by extension 'ignore'
[0.086s] Level 1:colcon.colcon_core.package_identification:_identify(ros2run) by extension 'ignore_ament_install'
[0.086s] Level 1:colcon.colcon_core.package_identification:_identify(ros2run) by extensions ['colcon_pkg']
[0.086s] Level 1:colcon.colcon_core.package_identification:_identify(ros2run) by extension 'colcon_pkg'
[0.086s] Level 1:colcon.colcon_core.package_identification:_identify(ros2run) by extensions ['colcon_meta']
[0.086s] Level 1:colcon.colcon_core.package_identification:_identify(ros2run) by extension 'colcon_meta'
[0.086s] Level 1:colcon.colcon_core.package_identification:_identify(ros2run) by extensions ['ros']
[0.086s] Level 1:colcon.colcon_core.package_identification:_identify(ros2run) by extension 'ros'
[0.086s] DEBUG:colcon.colcon_core.package_identification:Package 'ros2run' with type 'ros.ament_python' and name 'ros2run'
[0.086s] Level 1:colcon.colcon_core.package_identification:_identify(ros2service) by extensions ['ignore', 'ignore_ament_install']
[0.086s] Level 1:colcon.colcon_core.package_identification:_identify(ros2service) by extension 'ignore'
[0.086s] Level 1:colcon.colcon_core.package_identification:_identify(ros2service) by extension 'ignore_ament_install'
[0.086s] Level 1:colcon.colcon_core.package_identification:_identify(ros2service) by extensions ['colcon_pkg']
[0.086s] Level 1:colcon.colcon_core.package_identification:_identify(ros2service) by extension 'colcon_pkg'
[0.086s] Level 1:colcon.colcon_core.package_identification:_identify(ros2service) by extensions ['colcon_meta']
[0.086s] Level 1:colcon.colcon_core.package_identification:_identify(ros2service) by extension 'colcon_meta'
[0.086s] Level 1:colcon.colcon_core.package_identification:_identify(ros2service) by extensions ['ros']
[0.086s] Level 1:colcon.colcon_core.package_identification:_identify(ros2service) by extension 'ros'
[0.087s] DEBUG:colcon.colcon_core.package_identification:Package 'ros2service' with type 'ros.ament_python' and name 'ros2service'
[0.087s] Level 1:colcon.colcon_core.package_identification:_identify(ros2topic) by extensions ['ignore', 'ignore_ament_install']
[0.087s] Level 1:colcon.colcon_core.package_identification:_identify(ros2topic) by extension 'ignore'
[0.087s] Level 1:colcon.colcon_core.package_identification:_identify(ros2topic) by extension 'ignore_ament_install'
[0.087s] Level 1:colcon.colcon_core.package_identification:_identify(ros2topic) by extensions ['colcon_pkg']
[0.087s] Level 1:colcon.colcon_core.package_identification:_identify(ros2topic) by extension 'colcon_pkg'
[0.087s] Level 1:colcon.colcon_core.package_identification:_identify(ros2topic) by extensions ['colcon_meta']
[0.087s] Level 1:colcon.colcon_core.package_identification:_identify(ros2topic) by extension 'colcon_meta'
[0.087s] Level 1:colcon.colcon_core.package_identification:_identify(ros2topic) by extensions ['ros']
[0.087s] Level 1:colcon.colcon_core.package_identification:_identify(ros2topic) by extension 'ros'
[0.087s] DEBUG:colcon.colcon_core.package_identification:Package 'ros2topic' with type 'ros.ament_python' and name 'ros2topic'
[0.087s] Level 1:colcon.colcon_core.package_discovery:discover_packages(recursive) using defaults
[0.087s] Level 1:colcon.colcon_core.package_discovery:discover_packages(ignore) discover
[0.087s] Level 1:colcon.colcon_core.package_discovery:discover_packages(ignore) using defaults
[0.087s] Level 1:colcon.colcon_core.package_discovery:discover_packages(path) discover
[0.087s] Level 1:colcon.colcon_core.package_discovery:discover_packages(path) using defaults
[0.095s] INFO:colcon.colcon_metadata.metadata.colcon_pkg:Updating descriptor of package 'ros2cli' from colcon.pkg: {'hooks': ['share/ros2cli/environment/ros2-argcomplete.bash', 'share/ros2cli/environment/ros2-argcomplete.zsh']}
[0.097s] Level 1:colcon.colcon_core.package_discovery:discover_packages(prefix_path) check parameters
[0.097s] Level 1:colcon.colcon_core.package_discovery:discover_packages(prefix_path) discover
[0.098s] WARNING:colcon.colcon_ros.prefix_path.ament:The path '/home/rmc/ros2cli/install/ros2topic' in the environment variable AMENT_PREFIX_PATH doesn't exist
[0.098s] WARNING:colcon.colcon_ros.prefix_path.ament:The path '/home/rmc/ros2cli/install/ros2component' in the environment variable AMENT_PREFIX_PATH doesn't exist
[0.098s] WARNING:colcon.colcon_ros.prefix_path.ament:The path '/home/rmc/ros2cli/install/ros2param' in the environment variable AMENT_PREFIX_PATH doesn't exist
[0.098s] WARNING:colcon.colcon_ros.prefix_path.ament:The path '/home/rmc/ros2cli/install/ros2lifecycle' in the environment variable AMENT_PREFIX_PATH doesn't exist
[0.098s] WARNING:colcon.colcon_ros.prefix_path.ament:The path '/home/rmc/ros2cli/install/ros2service' in the environment variable AMENT_PREFIX_PATH doesn't exist
[0.098s] WARNING:colcon.colcon_ros.prefix_path.ament:The path '/home/rmc/ros2cli/install/ros2run' in the environment variable AMENT_PREFIX_PATH doesn't exist
[0.098s] WARNING:colcon.colcon_ros.prefix_path.ament:The path '/home/rmc/ros2cli/install/ros2pkg' in the environment variable AMENT_PREFIX_PATH doesn't exist
[0.098s] WARNING:colcon.colcon_ros.prefix_path.ament:The path '/home/rmc/ros2cli/install/ros2node' in the environment variable AMENT_PREFIX_PATH doesn't exist
[0.098s] WARNING:colcon.colcon_ros.prefix_path.ament:The path '/home/rmc/ros2cli/install/ros2multicast' in the environment variable AMENT_PREFIX_PATH doesn't exist
[0.098s] WARNING:colcon.colcon_ros.prefix_path.ament:The path '/home/rmc/ros2cli/install/ros2lifecycle_test_fixtures' in the environment variable AMENT_PREFIX_PATH doesn't exist
[0.098s] WARNING:colcon.colcon_ros.prefix_path.ament:The path '/home/rmc/ros2cli/install/ros2interface' in the environment variable AMENT_PREFIX_PATH doesn't exist
[0.098s] WARNING:colcon.colcon_ros.prefix_path.ament:The path '/home/rmc/ros2cli/install/ros2doctor' in the environment variable AMENT_PREFIX_PATH doesn't exist
[0.098s] WARNING:colcon.colcon_ros.prefix_path.ament:The path '/home/rmc/ros2cli/install/ros2cli_test_interfaces' in the environment variable AMENT_PREFIX_PATH doesn't exist
[0.098s] WARNING:colcon.colcon_ros.prefix_path.ament:The path '/home/rmc/ros2cli/install/ros2action' in the environment variable AMENT_PREFIX_PATH doesn't exist
[0.098s] WARNING:colcon.colcon_ros.prefix_path.ament:The path '/home/rmc/ros2cli/install/ros2cli' in the environment variable AMENT_PREFIX_PATH doesn't exist
[0.098s] WARNING:colcon.colcon_ros.prefix_path.catkin:The path '/home/rmc/ros2cli/install/ros2lifecycle_test_fixtures' in the environment variable CMAKE_PREFIX_PATH doesn't exist
[0.098s] WARNING:colcon.colcon_ros.prefix_path.catkin:The path '/home/rmc/ros2cli/install/ros2cli_test_interfaces' in the environment variable CMAKE_PREFIX_PATH doesn't exist
[0.098s] DEBUG:colcon.colcon_installed_package_information.package_discovery:Found 0 installed packages in /home/rmc/ros2cli/install
[0.099s] DEBUG:colcon.colcon_installed_package_information.package_discovery:Found 286 installed packages in /opt/ros/rolling
[0.099s] Level 1:colcon.colcon_core.package_discovery:discover_packages(prefix_path) using defaults
[0.113s] WARNING:colcon.colcon_core.package_selection:Some selected packages are already built in one or more underlay workspaces:
	'ros2node' is in: /opt/ros/rolling
	'ros2pkg' is in: /opt/ros/rolling
	'ros2doctor' is in: /opt/ros/rolling
	'ros2service' is in: /opt/ros/rolling
	'ros2lifecycle' is in: /opt/ros/rolling
	'ros2run' is in: /opt/ros/rolling
	'ros2multicast' is in: /opt/ros/rolling
	'ros2component' is in: /opt/ros/rolling
	'ros2action' is in: /opt/ros/rolling
	'ros2topic' is in: /opt/ros/rolling
	'ros2interface' is in: /opt/ros/rolling
	'ros2param' is in: /opt/ros/rolling
	'ros2cli' is in: /opt/ros/rolling
If a package in a merged underlay workspace is overridden and it installs headers, then all packages in the overlay must sort their include directories by workspace order. Failure to do so may result in build failures or undefined behavior at run time.
If the overridden package is used by another package in any underlay, then the overriding package in the overlay must be API and ABI compatible or undefined behavior at run time may occur.

If you understand the risks and want to override a package anyways, add the following to the command line:
	--allow-overriding ros2action ros2cli ros2component ros2doctor ros2interface ros2lifecycle ros2multicast ros2node ros2param ros2pkg ros2run ros2service ros2topic

This may be promoted to an error in a future release of colcon-override-check.
[0.114s] Level 5:colcon.colcon_core.verb:set package 'ros2cli' build argument 'cmake_args' from command line to 'None'
[0.114s] Level 5:colcon.colcon_core.verb:set package 'ros2cli' build argument 'cmake_target' from command line to 'None'
[0.114s] Level 5:colcon.colcon_core.verb:set package 'ros2cli' build argument 'cmake_target_skip_unavailable' from command line to 'False'
[0.114s] Level 5:colcon.colcon_core.verb:set package 'ros2cli' build argument 'cmake_clean_cache' from command line to 'False'
[0.114s] Level 5:colcon.colcon_core.verb:set package 'ros2cli' build argument 'cmake_clean_first' from command line to 'False'
[0.114s] Level 5:colcon.colcon_core.verb:set package 'ros2cli' build argument 'cmake_force_configure' from command line to 'False'
[0.114s] Level 5:colcon.colcon_core.verb:set package 'ros2cli' build argument 'ament_cmake_args' from command line to 'None'
[0.114s] Level 5:colcon.colcon_core.verb:set package 'ros2cli' build argument 'catkin_cmake_args' from command line to 'None'
[0.114s] Level 5:colcon.colcon_core.verb:set package 'ros2cli' build argument 'catkin_skip_building_tests' from command line to 'False'
[0.114s] DEBUG:colcon.colcon_core.verb:Building package 'ros2cli' with the following arguments: {'ament_cmake_args': None, 'build_base': '/home/rmc/ros2cli/build/ros2cli', 'catkin_cmake_args': None, 'catkin_skip_building_tests': False, 'cmake_args': None, 'cmake_clean_cache': False, 'cmake_clean_first': False, 'cmake_force_configure': False, 'cmake_target': None, 'cmake_target_skip_unavailable': False, 'install_base': '/home/rmc/ros2cli/install/ros2cli', 'merge_install': False, 'path': '/home/rmc/ros2cli/ros2cli', 'symlink_install': True, 'test_result_base': None}
[0.114s] Level 5:colcon.colcon_core.verb:set package 'ros2cli_test_interfaces' build argument 'cmake_args' from command line to 'None'
[0.114s] Level 5:colcon.colcon_core.verb:set package 'ros2cli_test_interfaces' build argument 'cmake_target' from command line to 'None'
[0.114s] Level 5:colcon.colcon_core.verb:set package 'ros2cli_test_interfaces' build argument 'cmake_target_skip_unavailable' from command line to 'False'
[0.114s] Level 5:colcon.colcon_core.verb:set package 'ros2cli_test_interfaces' build argument 'cmake_clean_cache' from command line to 'False'
[0.114s] Level 5:colcon.colcon_core.verb:set package 'ros2cli_test_interfaces' build argument 'cmake_clean_first' from command line to 'False'
[0.114s] Level 5:colcon.colcon_core.verb:set package 'ros2cli_test_interfaces' build argument 'cmake_force_configure' from command line to 'False'
[0.114s] Level 5:colcon.colcon_core.verb:set package 'ros2cli_test_interfaces' build argument 'ament_cmake_args' from command line to 'None'
[0.114s] Level 5:colcon.colcon_core.verb:set package 'ros2cli_test_interfaces' build argument 'catkin_cmake_args' from command line to 'None'
[0.114s] Level 5:colcon.colcon_core.verb:set package 'ros2cli_test_interfaces' build argument 'catkin_skip_building_tests' from command line to 'False'
[0.114s] DEBUG:colcon.colcon_core.verb:Building package 'ros2cli_test_interfaces' with the following arguments: {'ament_cmake_args': None, 'build_base': '/home/rmc/ros2cli/build/ros2cli_test_interfaces', 'catkin_cmake_args': None, 'catkin_skip_building_tests': False, 'cmake_args': None, 'cmake_clean_cache': False, 'cmake_clean_first': False, 'cmake_force_configure': False, 'cmake_target': None, 'cmake_target_skip_unavailable': False, 'install_base': '/home/rmc/ros2cli/install/ros2cli_test_interfaces', 'merge_install': False, 'path': '/home/rmc/ros2cli/ros2cli_test_interfaces', 'symlink_install': True, 'test_result_base': None}
[0.114s] Level 5:colcon.colcon_core.verb:set package 'ros2lifecycle_test_fixtures' build argument 'cmake_args' from command line to 'None'
[0.114s] Level 5:colcon.colcon_core.verb:set package 'ros2lifecycle_test_fixtures' build argument 'cmake_target' from command line to 'None'
[0.114s] Level 5:colcon.colcon_core.verb:set package 'ros2lifecycle_test_fixtures' build argument 'cmake_target_skip_unavailable' from command line to 'False'
[0.114s] Level 5:colcon.colcon_core.verb:set package 'ros2lifecycle_test_fixtures' build argument 'cmake_clean_cache' from command line to 'False'
[0.114s] Level 5:colcon.colcon_core.verb:set package 'ros2lifecycle_test_fixtures' build argument 'cmake_clean_first' from command line to 'False'
[0.114s] Level 5:colcon.colcon_core.verb:set package 'ros2lifecycle_test_fixtures' build argument 'cmake_force_configure' from command line to 'False'
[0.114s] Level 5:colcon.colcon_core.verb:set package 'ros2lifecycle_test_fixtures' build argument 'ament_cmake_args' from command line to 'None'
[0.114s] Level 5:colcon.colcon_core.verb:set package 'ros2lifecycle_test_fixtures' build argument 'catkin_cmake_args' from command line to 'None'
[0.114s] Level 5:colcon.colcon_core.verb:set package 'ros2lifecycle_test_fixtures' build argument 'catkin_skip_building_tests' from command line to 'False'
[0.114s] DEBUG:colcon.colcon_core.verb:Building package 'ros2lifecycle_test_fixtures' with the following arguments: {'ament_cmake_args': None, 'build_base': '/home/rmc/ros2cli/build/ros2lifecycle_test_fixtures', 'catkin_cmake_args': None, 'catkin_skip_building_tests': False, 'cmake_args': None, 'cmake_clean_cache': False, 'cmake_clean_first': False, 'cmake_force_configure': False, 'cmake_target': None, 'cmake_target_skip_unavailable': False, 'install_base': '/home/rmc/ros2cli/install/ros2lifecycle_test_fixtures', 'merge_install': False, 'path': '/home/rmc/ros2cli/ros2lifecycle_test_fixtures', 'symlink_install': True, 'test_result_base': None}
[0.114s] Level 5:colcon.colcon_core.verb:set package 'ros2action' build argument 'cmake_args' from command line to 'None'
[0.114s] Level 5:colcon.colcon_core.verb:set package 'ros2action' build argument 'cmake_target' from command line to 'None'
[0.114s] Level 5:colcon.colcon_core.verb:set package 'ros2action' build argument 'cmake_target_skip_unavailable' from command line to 'False'
[0.114s] Level 5:colcon.colcon_core.verb:set package 'ros2action' build argument 'cmake_clean_cache' from command line to 'False'
[0.114s] Level 5:colcon.colcon_core.verb:set package 'ros2action' build argument 'cmake_clean_first' from command line to 'False'
[0.114s] Level 5:colcon.colcon_core.verb:set package 'ros2action' build argument 'cmake_force_configure' from command line to 'False'
[0.114s] Level 5:colcon.colcon_core.verb:set package 'ros2action' build argument 'ament_cmake_args' from command line to 'None'
[0.114s] Level 5:colcon.colcon_core.verb:set package 'ros2action' build argument 'catkin_cmake_args' from command line to 'None'
[0.114s] Level 5:colcon.colcon_core.verb:set package 'ros2action' build argument 'catkin_skip_building_tests' from command line to 'False'
[0.114s] DEBUG:colcon.colcon_core.verb:Building package 'ros2action' with the following arguments: {'ament_cmake_args': None, 'build_base': '/home/rmc/ros2cli/build/ros2action', 'catkin_cmake_args': None, 'catkin_skip_building_tests': False, 'cmake_args': None, 'cmake_clean_cache': False, 'cmake_clean_first': False, 'cmake_force_configure': False, 'cmake_target': None, 'cmake_target_skip_unavailable': False, 'install_base': '/home/rmc/ros2cli/install/ros2action', 'merge_install': False, 'path': '/home/rmc/ros2cli/ros2action', 'symlink_install': True, 'test_result_base': None}
[0.114s] Level 5:colcon.colcon_core.verb:set package 'ros2interface' build argument 'cmake_args' from command line to 'None'
[0.115s] Level 5:colcon.colcon_core.verb:set package 'ros2interface' build argument 'cmake_target' from command line to 'None'
[0.115s] Level 5:colcon.colcon_core.verb:set package 'ros2interface' build argument 'cmake_target_skip_unavailable' from command line to 'False'
[0.115s] Level 5:colcon.colcon_core.verb:set package 'ros2interface' build argument 'cmake_clean_cache' from command line to 'False'
[0.115s] Level 5:colcon.colcon_core.verb:set package 'ros2interface' build argument 'cmake_clean_first' from command line to 'False'
[0.115s] Level 5:colcon.colcon_core.verb:set package 'ros2interface' build argument 'cmake_force_configure' from command line to 'False'
[0.115s] Level 5:colcon.colcon_core.verb:set package 'ros2interface' build argument 'ament_cmake_args' from command line to 'None'
[0.115s] Level 5:colcon.colcon_core.verb:set package 'ros2interface' build argument 'catkin_cmake_args' from command line to 'None'
[0.115s] Level 5:colcon.colcon_core.verb:set package 'ros2interface' build argument 'catkin_skip_building_tests' from command line to 'False'
[0.115s] DEBUG:colcon.colcon_core.verb:Building package 'ros2interface' with the following arguments: {'ament_cmake_args': None, 'build_base': '/home/rmc/ros2cli/build/ros2interface', 'catkin_cmake_args': None, 'catkin_skip_building_tests': False, 'cmake_args': None, 'cmake_clean_cache': False, 'cmake_clean_first': False, 'cmake_force_configure': False, 'cmake_target': None, 'cmake_target_skip_unavailable': False, 'install_base': '/home/rmc/ros2cli/install/ros2interface', 'merge_install': False, 'path': '/home/rmc/ros2cli/ros2interface', 'symlink_install': True, 'test_result_base': None}
[0.115s] Level 5:colcon.colcon_core.verb:set package 'ros2multicast' build argument 'cmake_args' from command line to 'None'
[0.115s] Level 5:colcon.colcon_core.verb:set package 'ros2multicast' build argument 'cmake_target' from command line to 'None'
[0.115s] Level 5:colcon.colcon_core.verb:set package 'ros2multicast' build argument 'cmake_target_skip_unavailable' from command line to 'False'
[0.115s] Level 5:colcon.colcon_core.verb:set package 'ros2multicast' build argument 'cmake_clean_cache' from command line to 'False'
[0.115s] Level 5:colcon.colcon_core.verb:set package 'ros2multicast' build argument 'cmake_clean_first' from command line to 'False'
[0.115s] Level 5:colcon.colcon_core.verb:set package 'ros2multicast' build argument 'cmake_force_configure' from command line to 'False'
[0.115s] Level 5:colcon.colcon_core.verb:set package 'ros2multicast' build argument 'ament_cmake_args' from command line to 'None'
[0.115s] Level 5:colcon.colcon_core.verb:set package 'ros2multicast' build argument 'catkin_cmake_args' from command line to 'None'
[0.115s] Level 5:colcon.colcon_core.verb:set package 'ros2multicast' build argument 'catkin_skip_building_tests' from command line to 'False'
[0.115s] DEBUG:colcon.colcon_core.verb:Building package 'ros2multicast' with the following arguments: {'ament_cmake_args': None, 'build_base': '/home/rmc/ros2cli/build/ros2multicast', 'catkin_cmake_args': None, 'catkin_skip_building_tests': False, 'cmake_args': None, 'cmake_clean_cache': False, 'cmake_clean_first': False, 'cmake_force_configure': False, 'cmake_target': None, 'cmake_target_skip_unavailable': False, 'install_base': '/home/rmc/ros2cli/install/ros2multicast', 'merge_install': False, 'path': '/home/rmc/ros2cli/ros2multicast', 'symlink_install': True, 'test_result_base': None}
[0.115s] Level 5:colcon.colcon_core.verb:set package 'ros2node' build argument 'cmake_args' from command line to 'None'
[0.115s] Level 5:colcon.colcon_core.verb:set package 'ros2node' build argument 'cmake_target' from command line to 'None'
[0.115s] Level 5:colcon.colcon_core.verb:set package 'ros2node' build argument 'cmake_target_skip_unavailable' from command line to 'False'
[0.115s] Level 5:colcon.colcon_core.verb:set package 'ros2node' build argument 'cmake_clean_cache' from command line to 'False'
[0.115s] Level 5:colcon.colcon_core.verb:set package 'ros2node' build argument 'cmake_clean_first' from command line to 'False'
[0.115s] Level 5:colcon.colcon_core.verb:set package 'ros2node' build argument 'cmake_force_configure' from command line to 'False'
[0.115s] Level 5:colcon.colcon_core.verb:set package 'ros2node' build argument 'ament_cmake_args' from command line to 'None'
[0.115s] Level 5:colcon.colcon_core.verb:set package 'ros2node' build argument 'catkin_cmake_args' from command line to 'None'
[0.115s] Level 5:colcon.colcon_core.verb:set package 'ros2node' build argument 'catkin_skip_building_tests' from command line to 'False'
[0.115s] DEBUG:colcon.colcon_core.verb:Building package 'ros2node' with the following arguments: {'ament_cmake_args': None, 'build_base': '/home/rmc/ros2cli/build/ros2node', 'catkin_cmake_args': None, 'catkin_skip_building_tests': False, 'cmake_args': None, 'cmake_clean_cache': False, 'cmake_clean_first': False, 'cmake_force_configure': False, 'cmake_target': None, 'cmake_target_skip_unavailable': False, 'install_base': '/home/rmc/ros2cli/install/ros2node', 'merge_install': False, 'path': '/home/rmc/ros2cli/ros2node', 'symlink_install': True, 'test_result_base': None}
[0.115s] Level 5:colcon.colcon_core.verb:set package 'ros2pkg' build argument 'cmake_args' from command line to 'None'
[0.115s] Level 5:colcon.colcon_core.verb:set package 'ros2pkg' build argument 'cmake_target' from command line to 'None'
[0.115s] Level 5:colcon.colcon_core.verb:set package 'ros2pkg' build argument 'cmake_target_skip_unavailable' from command line to 'False'
[0.115s] Level 5:colcon.colcon_core.verb:set package 'ros2pkg' build argument 'cmake_clean_cache' from command line to 'False'
[0.115s] Level 5:colcon.colcon_core.verb:set package 'ros2pkg' build argument 'cmake_clean_first' from command line to 'False'
[0.115s] Level 5:colcon.colcon_core.verb:set package 'ros2pkg' build argument 'cmake_force_configure' from command line to 'False'
[0.115s] Level 5:colcon.colcon_core.verb:set package 'ros2pkg' build argument 'ament_cmake_args' from command line to 'None'
[0.115s] Level 5:colcon.colcon_core.verb:set package 'ros2pkg' build argument 'catkin_cmake_args' from command line to 'None'
[0.115s] Level 5:colcon.colcon_core.verb:set package 'ros2pkg' build argument 'catkin_skip_building_tests' from command line to 'False'
[0.115s] DEBUG:colcon.colcon_core.verb:Building package 'ros2pkg' with the following arguments: {'ament_cmake_args': None, 'build_base': '/home/rmc/ros2cli/build/ros2pkg', 'catkin_cmake_args': None, 'catkin_skip_building_tests': False, 'cmake_args': None, 'cmake_clean_cache': False, 'cmake_clean_first': False, 'cmake_force_configure': False, 'cmake_target': None, 'cmake_target_skip_unavailable': False, 'install_base': '/home/rmc/ros2cli/install/ros2pkg', 'merge_install': False, 'path': '/home/rmc/ros2cli/ros2pkg', 'symlink_install': True, 'test_result_base': None}
[0.115s] Level 5:colcon.colcon_core.verb:set package 'ros2service' build argument 'cmake_args' from command line to 'None'
[0.115s] Level 5:colcon.colcon_core.verb:set package 'ros2service' build argument 'cmake_target' from command line to 'None'
[0.115s] Level 5:colcon.colcon_core.verb:set package 'ros2service' build argument 'cmake_target_skip_unavailable' from command line to 'False'
[0.115s] Level 5:colcon.colcon_core.verb:set package 'ros2service' build argument 'cmake_clean_cache' from command line to 'False'
[0.115s] Level 5:colcon.colcon_core.verb:set package 'ros2service' build argument 'cmake_clean_first' from command line to 'False'
[0.115s] Level 5:colcon.colcon_core.verb:set package 'ros2service' build argument 'cmake_force_configure' from command line to 'False'
[0.115s] Level 5:colcon.colcon_core.verb:set package 'ros2service' build argument 'ament_cmake_args' from command line to 'None'
[0.115s] Level 5:colcon.colcon_core.verb:set package 'ros2service' build argument 'catkin_cmake_args' from command line to 'None'
[0.115s] Level 5:colcon.colcon_core.verb:set package 'ros2service' build argument 'catkin_skip_building_tests' from command line to 'False'
[0.115s] DEBUG:colcon.colcon_core.verb:Building package 'ros2service' with the following arguments: {'ament_cmake_args': None, 'build_base': '/home/rmc/ros2cli/build/ros2service', 'catkin_cmake_args': None, 'catkin_skip_building_tests': False, 'cmake_args': None, 'cmake_clean_cache': False, 'cmake_clean_first': False, 'cmake_force_configure': False, 'cmake_target': None, 'cmake_target_skip_unavailable': False, 'install_base': '/home/rmc/ros2cli/install/ros2service', 'merge_install': False, 'path': '/home/rmc/ros2cli/ros2service', 'symlink_install': True, 'test_result_base': None}
[0.115s] Level 5:colcon.colcon_core.verb:set package 'ros2topic' build argument 'cmake_args' from command line to 'None'
[0.115s] Level 5:colcon.colcon_core.verb:set package 'ros2topic' build argument 'cmake_target' from command line to 'None'
[0.115s] Level 5:colcon.colcon_core.verb:set package 'ros2topic' build argument 'cmake_target_skip_unavailable' from command line to 'False'
[0.115s] Level 5:colcon.colcon_core.verb:set package 'ros2topic' build argument 'cmake_clean_cache' from command line to 'False'
[0.115s] Level 5:colcon.colcon_core.verb:set package 'ros2topic' build argument 'cmake_clean_first' from command line to 'False'
[0.115s] Level 5:colcon.colcon_core.verb:set package 'ros2topic' build argument 'cmake_force_configure' from command line to 'False'
[0.115s] Level 5:colcon.colcon_core.verb:set package 'ros2topic' build argument 'ament_cmake_args' from command line to 'None'
[0.115s] Level 5:colcon.colcon_core.verb:set package 'ros2topic' build argument 'catkin_cmake_args' from command line to 'None'
[0.115s] Level 5:colcon.colcon_core.verb:set package 'ros2topic' build argument 'catkin_skip_building_tests' from command line to 'False'
[0.115s] DEBUG:colcon.colcon_core.verb:Building package 'ros2topic' with the following arguments: {'ament_cmake_args': None, 'build_base': '/home/rmc/ros2cli/build/ros2topic', 'catkin_cmake_args': None, 'catkin_skip_building_tests': False, 'cmake_args': None, 'cmake_clean_cache': False, 'cmake_clean_first': False, 'cmake_force_configure': False, 'cmake_target': None, 'cmake_target_skip_unavailable': False, 'install_base': '/home/rmc/ros2cli/install/ros2topic', 'merge_install': False, 'path': '/home/rmc/ros2cli/ros2topic', 'symlink_install': True, 'test_result_base': None}
[0.115s] Level 5:colcon.colcon_core.verb:set package 'ros2doctor' build argument 'cmake_args' from command line to 'None'
[0.115s] Level 5:colcon.colcon_core.verb:set package 'ros2doctor' build argument 'cmake_target' from command line to 'None'
[0.115s] Level 5:colcon.colcon_core.verb:set package 'ros2doctor' build argument 'cmake_target_skip_unavailable' from command line to 'False'
[0.115s] Level 5:colcon.colcon_core.verb:set package 'ros2doctor' build argument 'cmake_clean_cache' from command line to 'False'
[0.115s] Level 5:colcon.colcon_core.verb:set package 'ros2doctor' build argument 'cmake_clean_first' from command line to 'False'
[0.115s] Level 5:colcon.colcon_core.verb:set package 'ros2doctor' build argument 'cmake_force_configure' from command line to 'False'
[0.115s] Level 5:colcon.colcon_core.verb:set package 'ros2doctor' build argument 'ament_cmake_args' from command line to 'None'
[0.115s] Level 5:colcon.colcon_core.verb:set package 'ros2doctor' build argument 'catkin_cmake_args' from command line to 'None'
[0.115s] Level 5:colcon.colcon_core.verb:set package 'ros2doctor' build argument 'catkin_skip_building_tests' from command line to 'False'
[0.116s] DEBUG:colcon.colcon_core.verb:Building package 'ros2doctor' with the following arguments: {'ament_cmake_args': None, 'build_base': '/home/rmc/ros2cli/build/ros2doctor', 'catkin_cmake_args': None, 'catkin_skip_building_tests': False, 'cmake_args': None, 'cmake_clean_cache': False, 'cmake_clean_first': False, 'cmake_force_configure': False, 'cmake_target': None, 'cmake_target_skip_unavailable': False, 'install_base': '/home/rmc/ros2cli/install/ros2doctor', 'merge_install': False, 'path': '/home/rmc/ros2cli/ros2doctor', 'symlink_install': True, 'test_result_base': None}
[0.116s] Level 5:colcon.colcon_core.verb:set package 'ros2lifecycle' build argument 'cmake_args' from command line to 'None'
[0.116s] Level 5:colcon.colcon_core.verb:set package 'ros2lifecycle' build argument 'cmake_target' from command line to 'None'
[0.116s] Level 5:colcon.colcon_core.verb:set package 'ros2lifecycle' build argument 'cmake_target_skip_unavailable' from command line to 'False'
[0.116s] Level 5:colcon.colcon_core.verb:set package 'ros2lifecycle' build argument 'cmake_clean_cache' from command line to 'False'
[0.116s] Level 5:colcon.colcon_core.verb:set package 'ros2lifecycle' build argument 'cmake_clean_first' from command line to 'False'
[0.116s] Level 5:colcon.colcon_core.verb:set package 'ros2lifecycle' build argument 'cmake_force_configure' from command line to 'False'
[0.116s] Level 5:colcon.colcon_core.verb:set package 'ros2lifecycle' build argument 'ament_cmake_args' from command line to 'None'
[0.116s] Level 5:colcon.colcon_core.verb:set package 'ros2lifecycle' build argument 'catkin_cmake_args' from command line to 'None'
[0.116s] Level 5:colcon.colcon_core.verb:set package 'ros2lifecycle' build argument 'catkin_skip_building_tests' from command line to 'False'
[0.116s] DEBUG:colcon.colcon_core.verb:Building package 'ros2lifecycle' with the following arguments: {'ament_cmake_args': None, 'build_base': '/home/rmc/ros2cli/build/ros2lifecycle', 'catkin_cmake_args': None, 'catkin_skip_building_tests': False, 'cmake_args': None, 'cmake_clean_cache': False, 'cmake_clean_first': False, 'cmake_force_configure': False, 'cmake_target': None, 'cmake_target_skip_unavailable': False, 'install_base': '/home/rmc/ros2cli/install/ros2lifecycle', 'merge_install': False, 'path': '/home/rmc/ros2cli/ros2lifecycle', 'symlink_install': True, 'test_result_base': None}
[0.116s] Level 5:colcon.colcon_core.verb:set package 'ros2param' build argument 'cmake_args' from command line to 'None'
[0.116s] Level 5:colcon.colcon_core.verb:set package 'ros2param' build argument 'cmake_target' from command line to 'None'
[0.116s] Level 5:colcon.colcon_core.verb:set package 'ros2param' build argument 'cmake_target_skip_unavailable' from command line to 'False'
[0.116s] Level 5:colcon.colcon_core.verb:set package 'ros2param' build argument 'cmake_clean_cache' from command line to 'False'
[0.116s] Level 5:colcon.colcon_core.verb:set package 'ros2param' build argument 'cmake_clean_first' from command line to 'False'
[0.116s] Level 5:colcon.colcon_core.verb:set package 'ros2param' build argument 'cmake_force_configure' from command line to 'False'
[0.116s] Level 5:colcon.colcon_core.verb:set package 'ros2param' build argument 'ament_cmake_args' from command line to 'None'
[0.116s] Level 5:colcon.colcon_core.verb:set package 'ros2param' build argument 'catkin_cmake_args' from command line to 'None'
[0.116s] Level 5:colcon.colcon_core.verb:set package 'ros2param' build argument 'catkin_skip_building_tests' from command line to 'False'
[0.116s] DEBUG:colcon.colcon_core.verb:Building package 'ros2param' with the following arguments: {'ament_cmake_args': None, 'build_base': '/home/rmc/ros2cli/build/ros2param', 'catkin_cmake_args': None, 'catkin_skip_building_tests': False, 'cmake_args': None, 'cmake_clean_cache': False, 'cmake_clean_first': False, 'cmake_force_configure': False, 'cmake_target': None, 'cmake_target_skip_unavailable': False, 'install_base': '/home/rmc/ros2cli/install/ros2param', 'merge_install': False, 'path': '/home/rmc/ros2cli/ros2param', 'symlink_install': True, 'test_result_base': None}
[0.116s] Level 5:colcon.colcon_core.verb:set package 'ros2run' build argument 'cmake_args' from command line to 'None'
[0.116s] Level 5:colcon.colcon_core.verb:set package 'ros2run' build argument 'cmake_target' from command line to 'None'
[0.116s] Level 5:colcon.colcon_core.verb:set package 'ros2run' build argument 'cmake_target_skip_unavailable' from command line to 'False'
[0.116s] Level 5:colcon.colcon_core.verb:set package 'ros2run' build argument 'cmake_clean_cache' from command line to 'False'
[0.116s] Level 5:colcon.colcon_core.verb:set package 'ros2run' build argument 'cmake_clean_first' from command line to 'False'
[0.116s] Level 5:colcon.colcon_core.verb:set package 'ros2run' build argument 'cmake_force_configure' from command line to 'False'
[0.116s] Level 5:colcon.colcon_core.verb:set package 'ros2run' build argument 'ament_cmake_args' from command line to 'None'
[0.116s] Level 5:colcon.colcon_core.verb:set package 'ros2run' build argument 'catkin_cmake_args' from command line to 'None'
[0.116s] Level 5:colcon.colcon_core.verb:set package 'ros2run' build argument 'catkin_skip_building_tests' from command line to 'False'
[0.116s] DEBUG:colcon.colcon_core.verb:Building package 'ros2run' with the following arguments: {'ament_cmake_args': None, 'build_base': '/home/rmc/ros2cli/build/ros2run', 'catkin_cmake_args': None, 'catkin_skip_building_tests': False, 'cmake_args': None, 'cmake_clean_cache': False, 'cmake_clean_first': False, 'cmake_force_configure': False, 'cmake_target': None, 'cmake_target_skip_unavailable': False, 'install_base': '/home/rmc/ros2cli/install/ros2run', 'merge_install': False, 'path': '/home/rmc/ros2cli/ros2run', 'symlink_install': True, 'test_result_base': None}
[0.116s] Level 5:colcon.colcon_core.verb:set package 'ros2component' build argument 'cmake_args' from command line to 'None'
[0.116s] Level 5:colcon.colcon_core.verb:set package 'ros2component' build argument 'cmake_target' from command line to 'None'
[0.116s] Level 5:colcon.colcon_core.verb:set package 'ros2component' build argument 'cmake_target_skip_unavailable' from command line to 'False'
[0.116s] Level 5:colcon.colcon_core.verb:set package 'ros2component' build argument 'cmake_clean_cache' from command line to 'False'
[0.116s] Level 5:colcon.colcon_core.verb:set package 'ros2component' build argument 'cmake_clean_first' from command line to 'False'
[0.116s] Level 5:colcon.colcon_core.verb:set package 'ros2component' build argument 'cmake_force_configure' from command line to 'False'
[0.116s] Level 5:colcon.colcon_core.verb:set package 'ros2component' build argument 'ament_cmake_args' from command line to 'None'
[0.116s] Level 5:colcon.colcon_core.verb:set package 'ros2component' build argument 'catkin_cmake_args' from command line to 'None'
[0.116s] Level 5:colcon.colcon_core.verb:set package 'ros2component' build argument 'catkin_skip_building_tests' from command line to 'False'
[0.116s] DEBUG:colcon.colcon_core.verb:Building package 'ros2component' with the following arguments: {'ament_cmake_args': None, 'build_base': '/home/rmc/ros2cli/build/ros2component', 'catkin_cmake_args': None, 'catkin_skip_building_tests': False, 'cmake_args': None, 'cmake_clean_cache': False, 'cmake_clean_first': False, 'cmake_force_configure': False, 'cmake_target': None, 'cmake_target_skip_unavailable': False, 'install_base': '/home/rmc/ros2cli/install/ros2component', 'merge_install': False, 'path': '/home/rmc/ros2cli/ros2component', 'symlink_install': True, 'test_result_base': None}
[0.116s] INFO:colcon.colcon_core.executor:Executing jobs using 'parallel' executor
[0.117s] DEBUG:colcon.colcon_parallel_executor.executor.parallel:run_until_complete
[0.117s] INFO:colcon.colcon_ros.task.ament_python.build:Building ROS package in '/home/rmc/ros2cli/ros2cli' with build type 'ament_python'
[0.117s] Level 1:colcon.colcon_core.shell:create_environment_hook('ros2cli', 'ament_prefix_path')
[0.118s] INFO:colcon.colcon_core.plugin_system:Skipping extension 'colcon_core.shell.bat': Not used on non-Windows systems
[0.118s] INFO:colcon.colcon_core.shell:Creating environment hook '/home/rmc/ros2cli/install/ros2cli/share/ros2cli/hook/ament_prefix_path.ps1'
[0.119s] INFO:colcon.colcon_core.shell:Creating environment descriptor '/home/rmc/ros2cli/install/ros2cli/share/ros2cli/hook/ament_prefix_path.dsv'
[0.119s] INFO:colcon.colcon_core.shell:Creating environment hook '/home/rmc/ros2cli/install/ros2cli/share/ros2cli/hook/ament_prefix_path.sh'
[0.119s] INFO:colcon.colcon_core.shell:Skip shell extension 'powershell' for command environment: Not usable outside of PowerShell
[0.119s] DEBUG:colcon.colcon_core.shell:Skip shell extension 'dsv' for command environment
[0.121s] INFO:colcon.colcon_ros.task.ament_cmake.build:Building ROS package in '/home/rmc/ros2cli/ros2cli_test_interfaces' with build type 'ament_cmake'
[0.121s] INFO:colcon.colcon_cmake.task.cmake.build:Building CMake package in '/home/rmc/ros2cli/ros2cli_test_interfaces'
[0.121s] INFO:colcon.colcon_core.shell:Skip shell extension 'powershell' for command environment: Not usable outside of PowerShell
[0.121s] DEBUG:colcon.colcon_core.shell:Skip shell extension 'dsv' for command environment
[0.122s] INFO:colcon.colcon_ros.task.ament_cmake.build:Building ROS package in '/home/rmc/ros2cli/ros2lifecycle_test_fixtures' with build type 'ament_cmake'
[0.122s] INFO:colcon.colcon_cmake.task.cmake.build:Building CMake package in '/home/rmc/ros2cli/ros2lifecycle_test_fixtures'
[0.122s] INFO:colcon.colcon_core.shell:Skip shell extension 'powershell' for command environment: Not usable outside of PowerShell
[0.122s] DEBUG:colcon.colcon_core.shell:Skip shell extension 'dsv' for command environment
[0.239s] INFO:colcon.colcon_core.task.python.build:Building Python package in '/home/rmc/ros2cli/ros2cli'
[0.239s] INFO:colcon.colcon_core.shell:Skip shell extension 'powershell' for command environment: Not usable outside of PowerShell
[0.239s] DEBUG:colcon.colcon_core.shell:Skip shell extension 'dsv' for command environment
[0.242s] DEBUG:colcon.colcon_core.event_handler.log_command:Invoking command in '/home/rmc/ros2cli/build/ros2cli_test_interfaces': CMAKE_PREFIX_PATH=${CMAKE_PREFIX_PATH}:/home/rmc/ros2cli/install/ros2topic:/home/rmc/ros2cli/install/ros2component:/home/rmc/ros2cli/install/ros2param:/home/rmc/ros2cli/install/ros2lifecycle:/home/rmc/ros2cli/install/ros2service:/home/rmc/ros2cli/install/ros2run:/home/rmc/ros2cli/install/ros2pkg:/home/rmc/ros2cli/install/ros2node:/home/rmc/ros2cli/install/ros2multicast:/home/rmc/ros2cli/install/ros2interface:/home/rmc/ros2cli/install/ros2doctor:/home/rmc/ros2cli/install/ros2action:/home/rmc/ros2cli/install/ros2cli:/opt/ros/rolling DEBUGINFOD_URLS=https://debuginfod.ubuntu.com /usr/bin/cmake /home/rmc/ros2cli/ros2cli_test_interfaces -DAMENT_CMAKE_SYMLINK_INSTALL=1 -DCMAKE_INSTALL_PREFIX=/home/rmc/ros2cli/install/ros2cli_test_interfaces
[0.244s] DEBUG:colcon.colcon_core.event_handler.log_command:Invoking command in '/home/rmc/ros2cli/build/ros2lifecycle_test_fixtures': CMAKE_PREFIX_PATH=${CMAKE_PREFIX_PATH}:/home/rmc/ros2cli/install/ros2topic:/home/rmc/ros2cli/install/ros2component:/home/rmc/ros2cli/install/ros2param:/home/rmc/ros2cli/install/ros2lifecycle:/home/rmc/ros2cli/install/ros2service:/home/rmc/ros2cli/install/ros2run:/home/rmc/ros2cli/install/ros2pkg:/home/rmc/ros2cli/install/ros2node:/home/rmc/ros2cli/install/ros2multicast:/home/rmc/ros2cli/install/ros2interface:/home/rmc/ros2cli/install/ros2doctor:/home/rmc/ros2cli/install/ros2action:/home/rmc/ros2cli/install/ros2cli:/opt/ros/rolling DEBUGINFOD_URLS=https://debuginfod.ubuntu.com /usr/bin/cmake /home/rmc/ros2cli/ros2lifecycle_test_fixtures -DAMENT_CMAKE_SYMLINK_INSTALL=1 -DCMAKE_INSTALL_PREFIX=/home/rmc/ros2cli/install/ros2lifecycle_test_fixtures
[0.555s] DEBUG:colcon.colcon_core.event_handler.log_command:Invoking command in '/home/rmc/ros2cli/build/ros2cli': DEBUGINFOD_URLS=https://debuginfod.ubuntu.com PYTHONPATH=/home/rmc/ros2cli/build/ros2cli/prefix_override:/usr/lib/python3/dist-packages/colcon_core/task/python/colcon_distutils_commands:/home/rmc/ros2cli/install/ros2cli/lib/python3.12/site-packages:${PYTHONPATH} /usr/bin/python3 -W ignore:setup.py install is deprecated -W ignore:easy_install command is deprecated setup.py develop --editable --build-directory /home/rmc/ros2cli/build/ros2cli/build --no-deps symlink_data
[0.913s] Level 1:colcon.colcon_core.shell:create_environment_hook('ros2cli', 'pythonpath_develop')
[0.913s] INFO:colcon.colcon_core.shell:Creating environment hook '/home/rmc/ros2cli/build/ros2cli/share/ros2cli/hook/pythonpath_develop.ps1'
[0.914s] INFO:colcon.colcon_core.shell:Creating environment descriptor '/home/rmc/ros2cli/build/ros2cli/share/ros2cli/hook/pythonpath_develop.dsv'
[0.914s] DEBUG:colcon.colcon_core.event_handler.log_command:Invoked command in '/home/rmc/ros2cli/build/ros2cli' returned '0': DEBUGINFOD_URLS=https://debuginfod.ubuntu.com PYTHONPATH=/home/rmc/ros2cli/build/ros2cli/prefix_override:/usr/lib/python3/dist-packages/colcon_core/task/python/colcon_distutils_commands:/home/rmc/ros2cli/install/ros2cli/lib/python3.12/site-packages:${PYTHONPATH} /usr/bin/python3 -W ignore:setup.py install is deprecated -W ignore:easy_install command is deprecated setup.py develop --editable --build-directory /home/rmc/ros2cli/build/ros2cli/build --no-deps symlink_data
[0.914s] INFO:colcon.colcon_core.shell:Creating environment hook '/home/rmc/ros2cli/build/ros2cli/share/ros2cli/hook/pythonpath_develop.sh'
[0.915s] Level 1:colcon.colcon_core.environment:checking '/home/rmc/ros2cli/install/ros2cli' for CMake module files
[0.916s] Level 1:colcon.colcon_core.environment:checking '/home/rmc/ros2cli/install/ros2cli' for CMake config files
[0.916s] Level 1:colcon.colcon_core.environment:checking '/home/rmc/ros2cli/install/ros2cli/lib'
[0.916s] Level 1:colcon.colcon_core.environment:checking '/home/rmc/ros2cli/install/ros2cli/bin'
[0.916s] Level 1:colcon.colcon_core.shell:create_environment_hook('ros2cli', 'path')
[0.916s] INFO:colcon.colcon_core.shell:Creating environment hook '/home/rmc/ros2cli/install/ros2cli/share/ros2cli/hook/path.ps1'
[0.916s] INFO:colcon.colcon_core.shell:Creating environment descriptor '/home/rmc/ros2cli/install/ros2cli/share/ros2cli/hook/path.dsv'
[0.916s] INFO:colcon.colcon_core.shell:Creating environment hook '/home/rmc/ros2cli/install/ros2cli/share/ros2cli/hook/path.sh'
[0.916s] Level 1:colcon.colcon_core.environment:checking '/home/rmc/ros2cli/install/ros2cli/lib/pkgconfig/ros2cli.pc'
[0.917s] Level 1:colcon.colcon_core.environment:checking '/home/rmc/ros2cli/install/ros2cli/lib/python3.12/site-packages'
[0.917s] Level 1:colcon.colcon_core.shell:create_environment_hook('ros2cli', 'pythonpath')
[0.917s] INFO:colcon.colcon_core.shell:Creating environment hook '/home/rmc/ros2cli/install/ros2cli/share/ros2cli/hook/pythonpath.ps1'
[0.917s] INFO:colcon.colcon_core.shell:Creating environment descriptor '/home/rmc/ros2cli/install/ros2cli/share/ros2cli/hook/pythonpath.dsv'
[0.917s] INFO:colcon.colcon_core.shell:Creating environment hook '/home/rmc/ros2cli/install/ros2cli/share/ros2cli/hook/pythonpath.sh'
[0.917s] Level 1:colcon.colcon_core.environment:checking '/home/rmc/ros2cli/install/ros2cli/bin'
[0.917s] Level 1:colcon.colcon_core.shell:create_environment_hook('ros2cli', 'pythonscriptspath')
[0.917s] INFO:colcon.colcon_core.shell:Creating environment hook '/home/rmc/ros2cli/install/ros2cli/share/ros2cli/hook/pythonscriptspath.ps1'
[0.917s] INFO:colcon.colcon_core.shell:Creating environment descriptor '/home/rmc/ros2cli/install/ros2cli/share/ros2cli/hook/pythonscriptspath.dsv'
[0.917s] INFO:colcon.colcon_core.shell:Creating environment hook '/home/rmc/ros2cli/install/ros2cli/share/ros2cli/hook/pythonscriptspath.sh'
[0.918s] Level 1:colcon.colcon_core.environment:create_environment_scripts_only(ros2cli)
[0.918s] INFO:colcon.colcon_core.shell:Creating package script '/home/rmc/ros2cli/install/ros2cli/share/ros2cli/package.ps1'
[0.918s] INFO:colcon.colcon_core.shell:Creating package descriptor '/home/rmc/ros2cli/install/ros2cli/share/ros2cli/package.dsv'
[0.918s] INFO:colcon.colcon_core.shell:Creating package script '/home/rmc/ros2cli/install/ros2cli/share/ros2cli/package.sh'
[0.919s] INFO:colcon.colcon_core.shell:Creating package script '/home/rmc/ros2cli/install/ros2cli/share/ros2cli/package.bash'
[0.919s] INFO:colcon.colcon_core.shell:Creating package script '/home/rmc/ros2cli/install/ros2cli/share/ros2cli/package.zsh'
[0.919s] Level 1:colcon.colcon_core.environment:create_file_with_runtime_dependencies(/home/rmc/ros2cli/install/ros2cli/share/colcon-core/packages/ros2cli)
[0.919s] INFO:colcon.colcon_ros.task.ament_python.build:Building ROS package in '/home/rmc/ros2cli/ros2node' with build type 'ament_python'
[0.920s] Level 1:colcon.colcon_core.shell:create_environment_hook('ros2node', 'ament_prefix_path')
[0.920s] INFO:colcon.colcon_core.shell:Creating environment hook '/home/rmc/ros2cli/install/ros2node/share/ros2node/hook/ament_prefix_path.ps1'
[0.920s] INFO:colcon.colcon_core.shell:Creating environment descriptor '/home/rmc/ros2cli/install/ros2node/share/ros2node/hook/ament_prefix_path.dsv'
[0.920s] INFO:colcon.colcon_core.shell:Creating environment hook '/home/rmc/ros2cli/install/ros2node/share/ros2node/hook/ament_prefix_path.sh'
[0.920s] INFO:colcon.colcon_core.shell:Skip shell extension 'powershell' for command environment: Not usable outside of PowerShell
[0.920s] DEBUG:colcon.colcon_core.shell:Skip shell extension 'dsv' for command environment
[0.922s] INFO:colcon.colcon_ros.task.ament_python.build:Building ROS package in '/home/rmc/ros2cli/ros2service' with build type 'ament_python'
[0.922s] Level 1:colcon.colcon_core.shell:create_environment_hook('ros2service', 'ament_prefix_path')
[0.922s] INFO:colcon.colcon_core.shell:Creating environment hook '/home/rmc/ros2cli/install/ros2service/share/ros2service/hook/ament_prefix_path.ps1'
[0.922s] INFO:colcon.colcon_core.shell:Creating environment descriptor '/home/rmc/ros2cli/install/ros2service/share/ros2service/hook/ament_prefix_path.dsv'
[0.922s] INFO:colcon.colcon_core.shell:Creating environment hook '/home/rmc/ros2cli/install/ros2service/share/ros2service/hook/ament_prefix_path.sh'
[0.922s] INFO:colcon.colcon_core.shell:Skip shell extension 'powershell' for command environment: Not usable outside of PowerShell
[0.923s] DEBUG:colcon.colcon_core.shell:Skip shell extension 'dsv' for command environment
[0.924s] INFO:colcon.colcon_ros.task.ament_python.build:Building ROS package in '/home/rmc/ros2cli/ros2pkg' with build type 'ament_python'
[0.924s] Level 1:colcon.colcon_core.shell:create_environment_hook('ros2pkg', 'ament_prefix_path')
[0.924s] INFO:colcon.colcon_core.shell:Creating environment hook '/home/rmc/ros2cli/install/ros2pkg/share/ros2pkg/hook/ament_prefix_path.ps1'
[0.924s] INFO:colcon.colcon_core.shell:Creating environment descriptor '/home/rmc/ros2cli/install/ros2pkg/share/ros2pkg/hook/ament_prefix_path.dsv'
[0.925s] INFO:colcon.colcon_core.shell:Creating environment hook '/home/rmc/ros2cli/install/ros2pkg/share/ros2pkg/hook/ament_prefix_path.sh'
[0.925s] INFO:colcon.colcon_core.shell:Skip shell extension 'powershell' for command environment: Not usable outside of PowerShell
[0.925s] DEBUG:colcon.colcon_core.shell:Skip shell extension 'dsv' for command environment
[0.927s] INFO:colcon.colcon_ros.task.ament_python.build:Building ROS package in '/home/rmc/ros2cli/ros2action' with build type 'ament_python'
[0.927s] Level 1:colcon.colcon_core.shell:create_environment_hook('ros2action', 'ament_prefix_path')
[0.927s] INFO:colcon.colcon_core.shell:Creating environment hook '/home/rmc/ros2cli/install/ros2action/share/ros2action/hook/ament_prefix_path.ps1'
[0.927s] INFO:colcon.colcon_core.shell:Creating environment descriptor '/home/rmc/ros2cli/install/ros2action/share/ros2action/hook/ament_prefix_path.dsv'
[0.927s] INFO:colcon.colcon_core.shell:Creating environment hook '/home/rmc/ros2cli/install/ros2action/share/ros2action/hook/ament_prefix_path.sh'
[0.928s] INFO:colcon.colcon_core.shell:Skip shell extension 'powershell' for command environment: Not usable outside of PowerShell
[0.928s] DEBUG:colcon.colcon_core.shell:Skip shell extension 'dsv' for command environment
[0.929s] INFO:colcon.colcon_ros.task.ament_python.build:Building ROS package in '/home/rmc/ros2cli/ros2multicast' with build type 'ament_python'
[0.929s] Level 1:colcon.colcon_core.shell:create_environment_hook('ros2multicast', 'ament_prefix_path')
[0.929s] INFO:colcon.colcon_core.shell:Creating environment hook '/home/rmc/ros2cli/install/ros2multicast/share/ros2multicast/hook/ament_prefix_path.ps1'
[0.929s] INFO:colcon.colcon_core.shell:Creating environment descriptor '/home/rmc/ros2cli/install/ros2multicast/share/ros2multicast/hook/ament_prefix_path.dsv'
[0.930s] INFO:colcon.colcon_core.shell:Creating environment hook '/home/rmc/ros2cli/install/ros2multicast/share/ros2multicast/hook/ament_prefix_path.sh'
[0.930s] INFO:colcon.colcon_core.shell:Skip shell extension 'powershell' for command environment: Not usable outside of PowerShell
[0.930s] DEBUG:colcon.colcon_core.shell:Skip shell extension 'dsv' for command environment
[0.931s] INFO:colcon.colcon_ros.task.ament_python.build:Building ROS package in '/home/rmc/ros2cli/ros2topic' with build type 'ament_python'
[0.931s] Level 1:colcon.colcon_core.shell:create_environment_hook('ros2topic', 'ament_prefix_path')
[0.931s] INFO:colcon.colcon_core.shell:Creating environment hook '/home/rmc/ros2cli/install/ros2topic/share/ros2topic/hook/ament_prefix_path.ps1'
[0.932s] INFO:colcon.colcon_core.shell:Creating environment descriptor '/home/rmc/ros2cli/install/ros2topic/share/ros2topic/hook/ament_prefix_path.dsv'
[0.932s] INFO:colcon.colcon_core.shell:Creating environment hook '/home/rmc/ros2cli/install/ros2topic/share/ros2topic/hook/ament_prefix_path.sh'
[0.932s] INFO:colcon.colcon_core.shell:Skip shell extension 'powershell' for command environment: Not usable outside of PowerShell
[0.932s] DEBUG:colcon.colcon_core.shell:Skip shell extension 'dsv' for command environment
[1.045s] INFO:colcon.colcon_core.task.python.build:Building Python package in '/home/rmc/ros2cli/ros2node'
[1.045s] INFO:colcon.colcon_core.shell:Skip shell extension 'powershell' for command environment: Not usable outside of PowerShell
[1.045s] DEBUG:colcon.colcon_core.shell:Skip shell extension 'dsv' for command environment
[1.181s] INFO:colcon.colcon_core.task.python.build:Building Python package in '/home/rmc/ros2cli/ros2service'
[1.181s] INFO:colcon.colcon_core.shell:Skip shell extension 'powershell' for command environment: Not usable outside of PowerShell
[1.181s] DEBUG:colcon.colcon_core.shell:Skip shell extension 'dsv' for command environment
[1.316s] INFO:colcon.colcon_core.task.python.build:Building Python package in '/home/rmc/ros2cli/ros2pkg'
[1.316s] INFO:colcon.colcon_core.shell:Skip shell extension 'powershell' for command environment: Not usable outside of PowerShell
[1.316s] DEBUG:colcon.colcon_core.shell:Skip shell extension 'dsv' for command environment
[1.448s] INFO:colcon.colcon_core.task.python.build:Building Python package in '/home/rmc/ros2cli/ros2action'
[1.448s] INFO:colcon.colcon_core.shell:Skip shell extension 'powershell' for command environment: Not usable outside of PowerShell
[1.448s] DEBUG:colcon.colcon_core.shell:Skip shell extension 'dsv' for command environment
[1.578s] INFO:colcon.colcon_core.task.python.build:Building Python package in '/home/rmc/ros2cli/ros2multicast'
[1.579s] INFO:colcon.colcon_core.shell:Skip shell extension 'powershell' for command environment: Not usable outside of PowerShell
[1.579s] DEBUG:colcon.colcon_core.shell:Skip shell extension 'dsv' for command environment
[1.708s] INFO:colcon.colcon_core.task.python.build:Building Python package in '/home/rmc/ros2cli/ros2topic'
[1.708s] INFO:colcon.colcon_core.shell:Skip shell extension 'powershell' for command environment: Not usable outside of PowerShell
[1.708s] DEBUG:colcon.colcon_core.shell:Skip shell extension 'dsv' for command environment
[1.713s] DEBUG:colcon.colcon_core.event_handler.log_command:Invoked command in '/home/rmc/ros2cli/build/ros2lifecycle_test_fixtures' returned '0': CMAKE_PREFIX_PATH=${CMAKE_PREFIX_PATH}:/home/rmc/ros2cli/install/ros2topic:/home/rmc/ros2cli/install/ros2component:/home/rmc/ros2cli/install/ros2param:/home/rmc/ros2cli/install/ros2lifecycle:/home/rmc/ros2cli/install/ros2service:/home/rmc/ros2cli/install/ros2run:/home/rmc/ros2cli/install/ros2pkg:/home/rmc/ros2cli/install/ros2node:/home/rmc/ros2cli/install/ros2multicast:/home/rmc/ros2cli/install/ros2interface:/home/rmc/ros2cli/install/ros2doctor:/home/rmc/ros2cli/install/ros2action:/home/rmc/ros2cli/install/ros2cli:/opt/ros/rolling DEBUGINFOD_URLS=https://debuginfod.ubuntu.com /usr/bin/cmake /home/rmc/ros2cli/ros2lifecycle_test_fixtures -DAMENT_CMAKE_SYMLINK_INSTALL=1 -DCMAKE_INSTALL_PREFIX=/home/rmc/ros2cli/install/ros2lifecycle_test_fixtures
[1.713s] DEBUG:colcon.colcon_core.event_handler.log_command:Invoking command in '/home/rmc/ros2cli/build/ros2lifecycle_test_fixtures': CMAKE_PREFIX_PATH=${CMAKE_PREFIX_PATH}:/home/rmc/ros2cli/install/ros2topic:/home/rmc/ros2cli/install/ros2component:/home/rmc/ros2cli/install/ros2param:/home/rmc/ros2cli/install/ros2lifecycle:/home/rmc/ros2cli/install/ros2service:/home/rmc/ros2cli/install/ros2run:/home/rmc/ros2cli/install/ros2pkg:/home/rmc/ros2cli/install/ros2node:/home/rmc/ros2cli/install/ros2multicast:/home/rmc/ros2cli/install/ros2interface:/home/rmc/ros2cli/install/ros2doctor:/home/rmc/ros2cli/install/ros2action:/home/rmc/ros2cli/install/ros2cli:/opt/ros/rolling DEBUGINFOD_URLS=https://debuginfod.ubuntu.com /usr/bin/cmake --build /home/rmc/ros2cli/build/ros2lifecycle_test_fixtures -- -j32 -l32
[2.098s] DEBUG:colcon.colcon_core.event_handler.log_command:Invoking command in '/home/rmc/ros2cli/build/ros2pkg': AMENT_PREFIX_PATH=/home/rmc/ros2cli/install/ros2cli:/home/rmc/ros2cli/install/ros2topic:/home/rmc/ros2cli/install/ros2component:/home/rmc/ros2cli/install/ros2param:/home/rmc/ros2cli/install/ros2lifecycle:/home/rmc/ros2cli/install/ros2service:/home/rmc/ros2cli/install/ros2run:/home/rmc/ros2cli/install/ros2pkg:/home/rmc/ros2cli/install/ros2node:/home/rmc/ros2cli/install/ros2multicast:/home/rmc/ros2cli/install/ros2lifecycle_test_fixtures:/home/rmc/ros2cli/install/ros2interface:/home/rmc/ros2cli/install/ros2doctor:/home/rmc/ros2cli/install/ros2cli_test_interfaces:/home/rmc/ros2cli/install/ros2action:/opt/ros/rolling DEBUGINFOD_URLS=https://debuginfod.ubuntu.com PYTHONPATH=/home/rmc/ros2cli/build/ros2pkg/prefix_override:/usr/lib/python3/dist-packages/colcon_core/task/python/colcon_distutils_commands:/home/rmc/ros2cli/install/ros2pkg/lib/python3.12/site-packages:/home/rmc/ros2cli/build/ros2cli:/home/rmc/ros2cli/install/ros2cli/lib/python3.12/site-packages:/home/rmc/ros2cli/build/ros2topic:/home/rmc/ros2cli/install/ros2topic/lib/python3.12/site-packages:/home/rmc/ros2cli/build/ros2component:/home/rmc/ros2cli/install/ros2component/lib/python3.12/site-packages:/home/rmc/ros2cli/build/ros2param:/home/rmc/ros2cli/install/ros2param/lib/python3.12/site-packages:/home/rmc/ros2cli/build/ros2lifecycle:/home/rmc/ros2cli/install/ros2lifecycle/lib/python3.12/site-packages:/home/rmc/ros2cli/build/ros2service:/home/rmc/ros2cli/install/ros2service/lib/python3.12/site-packages:/home/rmc/ros2cli/build/ros2run:/home/rmc/ros2cli/install/ros2run/lib/python3.12/site-packages:/home/rmc/ros2cli/build/ros2pkg:/home/rmc/ros2cli/install/ros2pkg/lib/python3.12/site-packages:/home/rmc/ros2cli/build/ros2node:/home/rmc/ros2cli/install/ros2node/lib/python3.12/site-packages:/home/rmc/ros2cli/build/ros2multicast:/home/rmc/ros2cli/install/ros2multicast/lib/python3.12/site-packages:/home/rmc/ros2cli/build/ros2interface:/home/rmc/ros2cli/install/ros2interface/lib/python3.12/site-packages:/home/rmc/ros2cli/build/ros2doctor:/home/rmc/ros2cli/install/ros2doctor/lib/python3.12/site-packages:/home/rmc/ros2cli/install/ros2cli_test_interfaces/lib/python3.12/site-packages:/home/rmc/ros2cli/build/ros2action:/home/rmc/ros2cli/install/ros2action/lib/python3.12/site-packages:/opt/ros/rolling/lib/python3.12/site-packages /usr/bin/python3 -W ignore:setup.py install is deprecated -W ignore:easy_install command is deprecated setup.py develop --editable --build-directory /home/rmc/ros2cli/build/ros2pkg/build --no-deps symlink_data
[2.100s] DEBUG:colcon.colcon_core.event_handler.log_command:Invoking command in '/home/rmc/ros2cli/build/ros2node': AMENT_PREFIX_PATH=/home/rmc/ros2cli/install/ros2cli:/home/rmc/ros2cli/install/ros2topic:/home/rmc/ros2cli/install/ros2component:/home/rmc/ros2cli/install/ros2param:/home/rmc/ros2cli/install/ros2lifecycle:/home/rmc/ros2cli/install/ros2service:/home/rmc/ros2cli/install/ros2run:/home/rmc/ros2cli/install/ros2pkg:/home/rmc/ros2cli/install/ros2node:/home/rmc/ros2cli/install/ros2multicast:/home/rmc/ros2cli/install/ros2lifecycle_test_fixtures:/home/rmc/ros2cli/install/ros2interface:/home/rmc/ros2cli/install/ros2doctor:/home/rmc/ros2cli/install/ros2cli_test_interfaces:/home/rmc/ros2cli/install/ros2action:/opt/ros/rolling DEBUGINFOD_URLS=https://debuginfod.ubuntu.com PYTHONPATH=/home/rmc/ros2cli/build/ros2node/prefix_override:/usr/lib/python3/dist-packages/colcon_core/task/python/colcon_distutils_commands:/home/rmc/ros2cli/install/ros2node/lib/python3.12/site-packages:/home/rmc/ros2cli/build/ros2cli:/home/rmc/ros2cli/install/ros2cli/lib/python3.12/site-packages:/home/rmc/ros2cli/build/ros2topic:/home/rmc/ros2cli/install/ros2topic/lib/python3.12/site-packages:/home/rmc/ros2cli/build/ros2component:/home/rmc/ros2cli/install/ros2component/lib/python3.12/site-packages:/home/rmc/ros2cli/build/ros2param:/home/rmc/ros2cli/install/ros2param/lib/python3.12/site-packages:/home/rmc/ros2cli/build/ros2lifecycle:/home/rmc/ros2cli/install/ros2lifecycle/lib/python3.12/site-packages:/home/rmc/ros2cli/build/ros2service:/home/rmc/ros2cli/install/ros2service/lib/python3.12/site-packages:/home/rmc/ros2cli/build/ros2run:/home/rmc/ros2cli/install/ros2run/lib/python3.12/site-packages:/home/rmc/ros2cli/build/ros2pkg:/home/rmc/ros2cli/install/ros2pkg/lib/python3.12/site-packages:/home/rmc/ros2cli/build/ros2node:/home/rmc/ros2cli/install/ros2node/lib/python3.12/site-packages:/home/rmc/ros2cli/build/ros2multicast:/home/rmc/ros2cli/install/ros2multicast/lib/python3.12/site-packages:/home/rmc/ros2cli/build/ros2interface:/home/rmc/ros2cli/install/ros2interface/lib/python3.12/site-packages:/home/rmc/ros2cli/build/ros2doctor:/home/rmc/ros2cli/install/ros2doctor/lib/python3.12/site-packages:/home/rmc/ros2cli/install/ros2cli_test_interfaces/lib/python3.12/site-packages:/home/rmc/ros2cli/build/ros2action:/home/rmc/ros2cli/install/ros2action/lib/python3.12/site-packages:/opt/ros/rolling/lib/python3.12/site-packages /usr/bin/python3 -W ignore:setup.py install is deprecated -W ignore:easy_install command is deprecated setup.py develop --editable --build-directory /home/rmc/ros2cli/build/ros2node/build --no-deps symlink_data
[2.101s] DEBUG:colcon.colcon_core.event_handler.log_command:Invoking command in '/home/rmc/ros2cli/build/ros2service': AMENT_PREFIX_PATH=/home/rmc/ros2cli/install/ros2cli:/home/rmc/ros2cli/install/ros2topic:/home/rmc/ros2cli/install/ros2component:/home/rmc/ros2cli/install/ros2param:/home/rmc/ros2cli/install/ros2lifecycle:/home/rmc/ros2cli/install/ros2service:/home/rmc/ros2cli/install/ros2run:/home/rmc/ros2cli/install/ros2pkg:/home/rmc/ros2cli/install/ros2node:/home/rmc/ros2cli/install/ros2multicast:/home/rmc/ros2cli/install/ros2lifecycle_test_fixtures:/home/rmc/ros2cli/install/ros2interface:/home/rmc/ros2cli/install/ros2doctor:/home/rmc/ros2cli/install/ros2cli_test_interfaces:/home/rmc/ros2cli/install/ros2action:/opt/ros/rolling DEBUGINFOD_URLS=https://debuginfod.ubuntu.com PYTHONPATH=/home/rmc/ros2cli/build/ros2service/prefix_override:/usr/lib/python3/dist-packages/colcon_core/task/python/colcon_distutils_commands:/home/rmc/ros2cli/install/ros2service/lib/python3.12/site-packages:/home/rmc/ros2cli/build/ros2cli:/home/rmc/ros2cli/install/ros2cli/lib/python3.12/site-packages:/home/rmc/ros2cli/build/ros2topic:/home/rmc/ros2cli/install/ros2topic/lib/python3.12/site-packages:/home/rmc/ros2cli/build/ros2component:/home/rmc/ros2cli/install/ros2component/lib/python3.12/site-packages:/home/rmc/ros2cli/build/ros2param:/home/rmc/ros2cli/install/ros2param/lib/python3.12/site-packages:/home/rmc/ros2cli/build/ros2lifecycle:/home/rmc/ros2cli/install/ros2lifecycle/lib/python3.12/site-packages:/home/rmc/ros2cli/build/ros2service:/home/rmc/ros2cli/install/ros2service/lib/python3.12/site-packages:/home/rmc/ros2cli/build/ros2run:/home/rmc/ros2cli/install/ros2run/lib/python3.12/site-packages:/home/rmc/ros2cli/build/ros2pkg:/home/rmc/ros2cli/install/ros2pkg/lib/python3.12/site-packages:/home/rmc/ros2cli/build/ros2node:/home/rmc/ros2cli/install/ros2node/lib/python3.12/site-packages:/home/rmc/ros2cli/build/ros2multicast:/home/rmc/ros2cli/install/ros2multicast/lib/python3.12/site-packages:/home/rmc/ros2cli/build/ros2interface:/home/rmc/ros2cli/install/ros2interface/lib/python3.12/site-packages:/home/rmc/ros2cli/build/ros2doctor:/home/rmc/ros2cli/install/ros2doctor/lib/python3.12/site-packages:/home/rmc/ros2cli/install/ros2cli_test_interfaces/lib/python3.12/site-packages:/home/rmc/ros2cli/build/ros2action:/home/rmc/ros2cli/install/ros2action/lib/python3.12/site-packages:/opt/ros/rolling/lib/python3.12/site-packages /usr/bin/python3 -W ignore:setup.py install is deprecated -W ignore:easy_install command is deprecated setup.py develop --editable --build-directory /home/rmc/ros2cli/build/ros2service/build --no-deps symlink_data
[2.102s] DEBUG:colcon.colcon_core.event_handler.log_command:Invoking command in '/home/rmc/ros2cli/build/ros2action': AMENT_PREFIX_PATH=/home/rmc/ros2cli/install/ros2cli:/home/rmc/ros2cli/install/ros2topic:/home/rmc/ros2cli/install/ros2component:/home/rmc/ros2cli/install/ros2param:/home/rmc/ros2cli/install/ros2lifecycle:/home/rmc/ros2cli/install/ros2service:/home/rmc/ros2cli/install/ros2run:/home/rmc/ros2cli/install/ros2pkg:/home/rmc/ros2cli/install/ros2node:/home/rmc/ros2cli/install/ros2multicast:/home/rmc/ros2cli/install/ros2lifecycle_test_fixtures:/home/rmc/ros2cli/install/ros2interface:/home/rmc/ros2cli/install/ros2doctor:/home/rmc/ros2cli/install/ros2cli_test_interfaces:/home/rmc/ros2cli/install/ros2action:/opt/ros/rolling DEBUGINFOD_URLS=https://debuginfod.ubuntu.com PYTHONPATH=/home/rmc/ros2cli/build/ros2action/prefix_override:/usr/lib/python3/dist-packages/colcon_core/task/python/colcon_distutils_commands:/home/rmc/ros2cli/install/ros2action/lib/python3.12/site-packages:/home/rmc/ros2cli/build/ros2cli:/home/rmc/ros2cli/install/ros2cli/lib/python3.12/site-packages:/home/rmc/ros2cli/build/ros2topic:/home/rmc/ros2cli/install/ros2topic/lib/python3.12/site-packages:/home/rmc/ros2cli/build/ros2component:/home/rmc/ros2cli/install/ros2component/lib/python3.12/site-packages:/home/rmc/ros2cli/build/ros2param:/home/rmc/ros2cli/install/ros2param/lib/python3.12/site-packages:/home/rmc/ros2cli/build/ros2lifecycle:/home/rmc/ros2cli/install/ros2lifecycle/lib/python3.12/site-packages:/home/rmc/ros2cli/build/ros2service:/home/rmc/ros2cli/install/ros2service/lib/python3.12/site-packages:/home/rmc/ros2cli/build/ros2run:/home/rmc/ros2cli/install/ros2run/lib/python3.12/site-packages:/home/rmc/ros2cli/build/ros2pkg:/home/rmc/ros2cli/install/ros2pkg/lib/python3.12/site-packages:/home/rmc/ros2cli/build/ros2node:/home/rmc/ros2cli/install/ros2node/lib/python3.12/site-packages:/home/rmc/ros2cli/build/ros2multicast:/home/rmc/ros2cli/install/ros2multicast/lib/python3.12/site-packages:/home/rmc/ros2cli/build/ros2interface:/home/rmc/ros2cli/install/ros2interface/lib/python3.12/site-packages:/home/rmc/ros2cli/build/ros2doctor:/home/rmc/ros2cli/install/ros2doctor/lib/python3.12/site-packages:/home/rmc/ros2cli/install/ros2cli_test_interfaces/lib/python3.12/site-packages:/home/rmc/ros2cli/build/ros2action:/home/rmc/ros2cli/install/ros2action/lib/python3.12/site-packages:/opt/ros/rolling/lib/python3.12/site-packages /usr/bin/python3 -W ignore:setup.py install is deprecated -W ignore:easy_install command is deprecated setup.py develop --editable --build-directory /home/rmc/ros2cli/build/ros2action/build --no-deps symlink_data
[2.117s] DEBUG:colcon.colcon_core.event_handler.log_command:Invoking command in '/home/rmc/ros2cli/build/ros2topic': AMENT_PREFIX_PATH=/home/rmc/ros2cli/install/ros2cli:/home/rmc/ros2cli/install/ros2topic:/home/rmc/ros2cli/install/ros2component:/home/rmc/ros2cli/install/ros2param:/home/rmc/ros2cli/install/ros2lifecycle:/home/rmc/ros2cli/install/ros2service:/home/rmc/ros2cli/install/ros2run:/home/rmc/ros2cli/install/ros2pkg:/home/rmc/ros2cli/install/ros2node:/home/rmc/ros2cli/install/ros2multicast:/home/rmc/ros2cli/install/ros2lifecycle_test_fixtures:/home/rmc/ros2cli/install/ros2interface:/home/rmc/ros2cli/install/ros2doctor:/home/rmc/ros2cli/install/ros2cli_test_interfaces:/home/rmc/ros2cli/install/ros2action:/opt/ros/rolling DEBUGINFOD_URLS=https://debuginfod.ubuntu.com PYTHONPATH=/home/rmc/ros2cli/build/ros2topic/prefix_override:/usr/lib/python3/dist-packages/colcon_core/task/python/colcon_distutils_commands:/home/rmc/ros2cli/install/ros2topic/lib/python3.12/site-packages:/home/rmc/ros2cli/build/ros2cli:/home/rmc/ros2cli/install/ros2cli/lib/python3.12/site-packages:/home/rmc/ros2cli/build/ros2topic:/home/rmc/ros2cli/install/ros2topic/lib/python3.12/site-packages:/home/rmc/ros2cli/build/ros2component:/home/rmc/ros2cli/install/ros2component/lib/python3.12/site-packages:/home/rmc/ros2cli/build/ros2param:/home/rmc/ros2cli/install/ros2param/lib/python3.12/site-packages:/home/rmc/ros2cli/build/ros2lifecycle:/home/rmc/ros2cli/install/ros2lifecycle/lib/python3.12/site-packages:/home/rmc/ros2cli/build/ros2service:/home/rmc/ros2cli/install/ros2service/lib/python3.12/site-packages:/home/rmc/ros2cli/build/ros2run:/home/rmc/ros2cli/install/ros2run/lib/python3.12/site-packages:/home/rmc/ros2cli/build/ros2pkg:/home/rmc/ros2cli/install/ros2pkg/lib/python3.12/site-packages:/home/rmc/ros2cli/build/ros2node:/home/rmc/ros2cli/install/ros2node/lib/python3.12/site-packages:/home/rmc/ros2cli/build/ros2multicast:/home/rmc/ros2cli/install/ros2multicast/lib/python3.12/site-packages:/home/rmc/ros2cli/build/ros2interface:/home/rmc/ros2cli/install/ros2interface/lib/python3.12/site-packages:/home/rmc/ros2cli/build/ros2doctor:/home/rmc/ros2cli/install/ros2doctor/lib/python3.12/site-packages:/home/rmc/ros2cli/install/ros2cli_test_interfaces/lib/python3.12/site-packages:/home/rmc/ros2cli/build/ros2action:/home/rmc/ros2cli/install/ros2action/lib/python3.12/site-packages:/opt/ros/rolling/lib/python3.12/site-packages /usr/bin/python3 -W ignore:setup.py install is deprecated -W ignore:easy_install command is deprecated setup.py develop --editable --build-directory /home/rmc/ros2cli/build/ros2topic/build --no-deps symlink_data
[2.189s] DEBUG:colcon.colcon_core.event_handler.log_command:Invoking command in '/home/rmc/ros2cli/build/ros2multicast': AMENT_PREFIX_PATH=/home/rmc/ros2cli/install/ros2cli:/home/rmc/ros2cli/install/ros2topic:/home/rmc/ros2cli/install/ros2component:/home/rmc/ros2cli/install/ros2param:/home/rmc/ros2cli/install/ros2lifecycle:/home/rmc/ros2cli/install/ros2service:/home/rmc/ros2cli/install/ros2run:/home/rmc/ros2cli/install/ros2pkg:/home/rmc/ros2cli/install/ros2node:/home/rmc/ros2cli/install/ros2multicast:/home/rmc/ros2cli/install/ros2lifecycle_test_fixtures:/home/rmc/ros2cli/install/ros2interface:/home/rmc/ros2cli/install/ros2doctor:/home/rmc/ros2cli/install/ros2cli_test_interfaces:/home/rmc/ros2cli/install/ros2action:/opt/ros/rolling DEBUGINFOD_URLS=https://debuginfod.ubuntu.com PYTHONPATH=/home/rmc/ros2cli/build/ros2multicast/prefix_override:/usr/lib/python3/dist-packages/colcon_core/task/python/colcon_distutils_commands:/home/rmc/ros2cli/install/ros2multicast/lib/python3.12/site-packages:/home/rmc/ros2cli/build/ros2cli:/home/rmc/ros2cli/install/ros2cli/lib/python3.12/site-packages:/home/rmc/ros2cli/build/ros2topic:/home/rmc/ros2cli/install/ros2topic/lib/python3.12/site-packages:/home/rmc/ros2cli/build/ros2component:/home/rmc/ros2cli/install/ros2component/lib/python3.12/site-packages:/home/rmc/ros2cli/build/ros2param:/home/rmc/ros2cli/install/ros2param/lib/python3.12/site-packages:/home/rmc/ros2cli/build/ros2lifecycle:/home/rmc/ros2cli/install/ros2lifecycle/lib/python3.12/site-packages:/home/rmc/ros2cli/build/ros2service:/home/rmc/ros2cli/install/ros2service/lib/python3.12/site-packages:/home/rmc/ros2cli/build/ros2run:/home/rmc/ros2cli/install/ros2run/lib/python3.12/site-packages:/home/rmc/ros2cli/build/ros2pkg:/home/rmc/ros2cli/install/ros2pkg/lib/python3.12/site-packages:/home/rmc/ros2cli/build/ros2node:/home/rmc/ros2cli/install/ros2node/lib/python3.12/site-packages:/home/rmc/ros2cli/build/ros2multicast:/home/rmc/ros2cli/install/ros2multicast/lib/python3.12/site-packages:/home/rmc/ros2cli/build/ros2interface:/home/rmc/ros2cli/install/ros2interface/lib/python3.12/site-packages:/home/rmc/ros2cli/build/ros2doctor:/home/rmc/ros2cli/install/ros2doctor/lib/python3.12/site-packages:/home/rmc/ros2cli/install/ros2cli_test_interfaces/lib/python3.12/site-packages:/home/rmc/ros2cli/build/ros2action:/home/rmc/ros2cli/install/ros2action/lib/python3.12/site-packages:/opt/ros/rolling/lib/python3.12/site-packages /usr/bin/python3 -W ignore:setup.py install is deprecated -W ignore:easy_install command is deprecated setup.py develop --editable --build-directory /home/rmc/ros2cli/build/ros2multicast/build --no-deps symlink_data
[2.395s] DEBUG:colcon.colcon_core.event_handler.log_command:Invoked command in '/home/rmc/ros2cli/build/ros2cli_test_interfaces' returned '0': CMAKE_PREFIX_PATH=${CMAKE_PREFIX_PATH}:/home/rmc/ros2cli/install/ros2topic:/home/rmc/ros2cli/install/ros2component:/home/rmc/ros2cli/install/ros2param:/home/rmc/ros2cli/install/ros2lifecycle:/home/rmc/ros2cli/install/ros2service:/home/rmc/ros2cli/install/ros2run:/home/rmc/ros2cli/install/ros2pkg:/home/rmc/ros2cli/install/ros2node:/home/rmc/ros2cli/install/ros2multicast:/home/rmc/ros2cli/install/ros2interface:/home/rmc/ros2cli/install/ros2doctor:/home/rmc/ros2cli/install/ros2action:/home/rmc/ros2cli/install/ros2cli:/opt/ros/rolling DEBUGINFOD_URLS=https://debuginfod.ubuntu.com /usr/bin/cmake /home/rmc/ros2cli/ros2cli_test_interfaces -DAMENT_CMAKE_SYMLINK_INSTALL=1 -DCMAKE_INSTALL_PREFIX=/home/rmc/ros2cli/install/ros2cli_test_interfaces
[2.396s] DEBUG:colcon.colcon_core.event_handler.log_command:Invoking command in '/home/rmc/ros2cli/build/ros2cli_test_interfaces': CMAKE_PREFIX_PATH=${CMAKE_PREFIX_PATH}:/home/rmc/ros2cli/install/ros2topic:/home/rmc/ros2cli/install/ros2component:/home/rmc/ros2cli/install/ros2param:/home/rmc/ros2cli/install/ros2lifecycle:/home/rmc/ros2cli/install/ros2service:/home/rmc/ros2cli/install/ros2run:/home/rmc/ros2cli/install/ros2pkg:/home/rmc/ros2cli/install/ros2node:/home/rmc/ros2cli/install/ros2multicast:/home/rmc/ros2cli/install/ros2interface:/home/rmc/ros2cli/install/ros2doctor:/home/rmc/ros2cli/install/ros2action:/home/rmc/ros2cli/install/ros2cli:/opt/ros/rolling DEBUGINFOD_URLS=https://debuginfod.ubuntu.com /usr/bin/cmake --build /home/rmc/ros2cli/build/ros2cli_test_interfaces -- -j32 -l32
[2.514s] Level 1:colcon.colcon_core.shell:create_environment_hook('ros2pkg', 'pythonpath_develop')
[2.514s] INFO:colcon.colcon_core.shell:Creating environment hook '/home/rmc/ros2cli/build/ros2pkg/share/ros2pkg/hook/pythonpath_develop.ps1'
[2.515s] DEBUG:colcon.colcon_core.event_handler.log_command:Invoked command in '/home/rmc/ros2cli/build/ros2pkg' returned '0': AMENT_PREFIX_PATH=/home/rmc/ros2cli/install/ros2cli:/home/rmc/ros2cli/install/ros2topic:/home/rmc/ros2cli/install/ros2component:/home/rmc/ros2cli/install/ros2param:/home/rmc/ros2cli/install/ros2lifecycle:/home/rmc/ros2cli/install/ros2service:/home/rmc/ros2cli/install/ros2run:/home/rmc/ros2cli/install/ros2pkg:/home/rmc/ros2cli/install/ros2node:/home/rmc/ros2cli/install/ros2multicast:/home/rmc/ros2cli/install/ros2lifecycle_test_fixtures:/home/rmc/ros2cli/install/ros2interface:/home/rmc/ros2cli/install/ros2doctor:/home/rmc/ros2cli/install/ros2cli_test_interfaces:/home/rmc/ros2cli/install/ros2action:/opt/ros/rolling DEBUGINFOD_URLS=https://debuginfod.ubuntu.com PYTHONPATH=/home/rmc/ros2cli/build/ros2pkg/prefix_override:/usr/lib/python3/dist-packages/colcon_core/task/python/colcon_distutils_commands:/home/rmc/ros2cli/install/ros2pkg/lib/python3.12/site-packages:/home/rmc/ros2cli/build/ros2cli:/home/rmc/ros2cli/install/ros2cli/lib/python3.12/site-packages:/home/rmc/ros2cli/build/ros2topic:/home/rmc/ros2cli/install/ros2topic/lib/python3.12/site-packages:/home/rmc/ros2cli/build/ros2component:/home/rmc/ros2cli/install/ros2component/lib/python3.12/site-packages:/home/rmc/ros2cli/build/ros2param:/home/rmc/ros2cli/install/ros2param/lib/python3.12/site-packages:/home/rmc/ros2cli/build/ros2lifecycle:/home/rmc/ros2cli/install/ros2lifecycle/lib/python3.12/site-packages:/home/rmc/ros2cli/build/ros2service:/home/rmc/ros2cli/install/ros2service/lib/python3.12/site-packages:/home/rmc/ros2cli/build/ros2run:/home/rmc/ros2cli/install/ros2run/lib/python3.12/site-packages:/home/rmc/ros2cli/build/ros2pkg:/home/rmc/ros2cli/install/ros2pkg/lib/python3.12/site-packages:/home/rmc/ros2cli/build/ros2node:/home/rmc/ros2cli/install/ros2node/lib/python3.12/site-packages:/home/rmc/ros2cli/build/ros2multicast:/home/rmc/ros2cli/install/ros2multicast/lib/python3.12/site-packages:/home/rmc/ros2cli/build/ros2interface:/home/rmc/ros2cli/install/ros2interface/lib/python3.12/site-packages:/home/rmc/ros2cli/build/ros2doctor:/home/rmc/ros2cli/install/ros2doctor/lib/python3.12/site-packages:/home/rmc/ros2cli/install/ros2cli_test_interfaces/lib/python3.12/site-packages:/home/rmc/ros2cli/build/ros2action:/home/rmc/ros2cli/install/ros2action/lib/python3.12/site-packages:/opt/ros/rolling/lib/python3.12/site-packages /usr/bin/python3 -W ignore:setup.py install is deprecated -W ignore:easy_install command is deprecated setup.py develop --editable --build-directory /home/rmc/ros2cli/build/ros2pkg/build --no-deps symlink_data
[2.516s] INFO:colcon.colcon_core.shell:Creating environment descriptor '/home/rmc/ros2cli/build/ros2pkg/share/ros2pkg/hook/pythonpath_develop.dsv'
[2.516s] INFO:colcon.colcon_core.shell:Creating environment hook '/home/rmc/ros2cli/build/ros2pkg/share/ros2pkg/hook/pythonpath_develop.sh'
[2.517s] Level 1:colcon.colcon_core.environment:checking '/home/rmc/ros2cli/install/ros2pkg' for CMake module files
[2.517s] Level 1:colcon.colcon_core.environment:checking '/home/rmc/ros2cli/install/ros2pkg' for CMake config files
[2.518s] Level 1:colcon.colcon_core.environment:checking '/home/rmc/ros2cli/install/ros2pkg/lib'
[2.518s] Level 1:colcon.colcon_core.environment:checking '/home/rmc/ros2cli/install/ros2pkg/bin'
[2.518s] Level 1:colcon.colcon_core.environment:checking '/home/rmc/ros2cli/install/ros2pkg/lib/pkgconfig/ros2pkg.pc'
[2.518s] Level 1:colcon.colcon_core.environment:checking '/home/rmc/ros2cli/install/ros2pkg/lib/python3.12/site-packages'
[2.518s] Level 1:colcon.colcon_core.shell:create_environment_hook('ros2pkg', 'pythonpath')
[2.518s] INFO:colcon.colcon_core.shell:Creating environment hook '/home/rmc/ros2cli/install/ros2pkg/share/ros2pkg/hook/pythonpath.ps1'
[2.519s] INFO:colcon.colcon_core.shell:Creating environment descriptor '/home/rmc/ros2cli/install/ros2pkg/share/ros2pkg/hook/pythonpath.dsv'
[2.519s] INFO:colcon.colcon_core.shell:Creating environment hook '/home/rmc/ros2cli/install/ros2pkg/share/ros2pkg/hook/pythonpath.sh'
[2.519s] Level 1:colcon.colcon_core.environment:checking '/home/rmc/ros2cli/install/ros2pkg/bin'
[2.519s] Level 1:colcon.colcon_core.environment:create_environment_scripts_only(ros2pkg)
[2.519s] INFO:colcon.colcon_core.shell:Creating package script '/home/rmc/ros2cli/install/ros2pkg/share/ros2pkg/package.ps1'
[2.519s] INFO:colcon.colcon_core.shell:Creating package descriptor '/home/rmc/ros2cli/install/ros2pkg/share/ros2pkg/package.dsv'
[2.520s] INFO:colcon.colcon_core.shell:Creating package script '/home/rmc/ros2cli/install/ros2pkg/share/ros2pkg/package.sh'
[2.520s] INFO:colcon.colcon_core.shell:Creating package script '/home/rmc/ros2cli/install/ros2pkg/share/ros2pkg/package.bash'
[2.520s] INFO:colcon.colcon_core.shell:Creating package script '/home/rmc/ros2cli/install/ros2pkg/share/ros2pkg/package.zsh'
[2.520s] Level 1:colcon.colcon_core.environment:create_file_with_runtime_dependencies(/home/rmc/ros2cli/install/ros2pkg/share/colcon-core/packages/ros2pkg)
[2.521s] INFO:colcon.colcon_ros.task.ament_python.build:Building ROS package in '/home/rmc/ros2cli/ros2run' with build type 'ament_python'
[2.521s] Level 1:colcon.colcon_core.shell:create_environment_hook('ros2run', 'ament_prefix_path')
[2.521s] INFO:colcon.colcon_core.shell:Creating environment hook '/home/rmc/ros2cli/install/ros2run/share/ros2run/hook/ament_prefix_path.ps1'
[2.521s] INFO:colcon.colcon_core.shell:Creating environment descriptor '/home/rmc/ros2cli/install/ros2run/share/ros2run/hook/ament_prefix_path.dsv'
[2.521s] INFO:colcon.colcon_core.shell:Creating environment hook '/home/rmc/ros2cli/install/ros2run/share/ros2run/hook/ament_prefix_path.sh'
[2.522s] INFO:colcon.colcon_core.shell:Skip shell extension 'powershell' for command environment: Not usable outside of PowerShell
[2.522s] DEBUG:colcon.colcon_core.shell:Skip shell extension 'dsv' for command environment
[2.524s] Level 1:colcon.colcon_core.shell:create_environment_hook('ros2topic', 'pythonpath_develop')
[2.524s] INFO:colcon.colcon_core.shell:Creating environment hook '/home/rmc/ros2cli/build/ros2topic/share/ros2topic/hook/pythonpath_develop.ps1'
[2.525s] DEBUG:colcon.colcon_core.event_handler.log_command:Invoked command in '/home/rmc/ros2cli/build/ros2topic' returned '0': AMENT_PREFIX_PATH=/home/rmc/ros2cli/install/ros2cli:/home/rmc/ros2cli/install/ros2topic:/home/rmc/ros2cli/install/ros2component:/home/rmc/ros2cli/install/ros2param:/home/rmc/ros2cli/install/ros2lifecycle:/home/rmc/ros2cli/install/ros2service:/home/rmc/ros2cli/install/ros2run:/home/rmc/ros2cli/install/ros2pkg:/home/rmc/ros2cli/install/ros2node:/home/rmc/ros2cli/install/ros2multicast:/home/rmc/ros2cli/install/ros2lifecycle_test_fixtures:/home/rmc/ros2cli/install/ros2interface:/home/rmc/ros2cli/install/ros2doctor:/home/rmc/ros2cli/install/ros2cli_test_interfaces:/home/rmc/ros2cli/install/ros2action:/opt/ros/rolling DEBUGINFOD_URLS=https://debuginfod.ubuntu.com PYTHONPATH=/home/rmc/ros2cli/build/ros2topic/prefix_override:/usr/lib/python3/dist-packages/colcon_core/task/python/colcon_distutils_commands:/home/rmc/ros2cli/install/ros2topic/lib/python3.12/site-packages:/home/rmc/ros2cli/build/ros2cli:/home/rmc/ros2cli/install/ros2cli/lib/python3.12/site-packages:/home/rmc/ros2cli/build/ros2topic:/home/rmc/ros2cli/install/ros2topic/lib/python3.12/site-packages:/home/rmc/ros2cli/build/ros2component:/home/rmc/ros2cli/install/ros2component/lib/python3.12/site-packages:/home/rmc/ros2cli/build/ros2param:/home/rmc/ros2cli/install/ros2param/lib/python3.12/site-packages:/home/rmc/ros2cli/build/ros2lifecycle:/home/rmc/ros2cli/install/ros2lifecycle/lib/python3.12/site-packages:/home/rmc/ros2cli/build/ros2service:/home/rmc/ros2cli/install/ros2service/lib/python3.12/site-packages:/home/rmc/ros2cli/build/ros2run:/home/rmc/ros2cli/install/ros2run/lib/python3.12/site-packages:/home/rmc/ros2cli/build/ros2pkg:/home/rmc/ros2cli/install/ros2pkg/lib/python3.12/site-packages:/home/rmc/ros2cli/build/ros2node:/home/rmc/ros2cli/install/ros2node/lib/python3.12/site-packages:/home/rmc/ros2cli/build/ros2multicast:/home/rmc/ros2cli/install/ros2multicast/lib/python3.12/site-packages:/home/rmc/ros2cli/build/ros2interface:/home/rmc/ros2cli/install/ros2interface/lib/python3.12/site-packages:/home/rmc/ros2cli/build/ros2doctor:/home/rmc/ros2cli/install/ros2doctor/lib/python3.12/site-packages:/home/rmc/ros2cli/install/ros2cli_test_interfaces/lib/python3.12/site-packages:/home/rmc/ros2cli/build/ros2action:/home/rmc/ros2cli/install/ros2action/lib/python3.12/site-packages:/opt/ros/rolling/lib/python3.12/site-packages /usr/bin/python3 -W ignore:setup.py install is deprecated -W ignore:easy_install command is deprecated setup.py develop --editable --build-directory /home/rmc/ros2cli/build/ros2topic/build --no-deps symlink_data
[2.525s] INFO:colcon.colcon_core.shell:Creating environment descriptor '/home/rmc/ros2cli/build/ros2topic/share/ros2topic/hook/pythonpath_develop.dsv'
[2.525s] INFO:colcon.colcon_core.shell:Creating environment hook '/home/rmc/ros2cli/build/ros2topic/share/ros2topic/hook/pythonpath_develop.sh'
[2.526s] Level 1:colcon.colcon_core.environment:checking '/home/rmc/ros2cli/install/ros2topic' for CMake module files
[2.526s] Level 1:colcon.colcon_core.environment:checking '/home/rmc/ros2cli/install/ros2topic' for CMake config files
[2.526s] Level 1:colcon.colcon_core.environment:checking '/home/rmc/ros2cli/install/ros2topic/lib'
[2.526s] Level 1:colcon.colcon_core.environment:checking '/home/rmc/ros2cli/install/ros2topic/bin'
[2.526s] Level 1:colcon.colcon_core.environment:checking '/home/rmc/ros2cli/install/ros2topic/lib/pkgconfig/ros2topic.pc'
[2.527s] Level 1:colcon.colcon_core.environment:checking '/home/rmc/ros2cli/install/ros2topic/lib/python3.12/site-packages'
[2.527s] Level 1:colcon.colcon_core.shell:create_environment_hook('ros2topic', 'pythonpath')
[2.527s] INFO:colcon.colcon_core.shell:Creating environment hook '/home/rmc/ros2cli/install/ros2topic/share/ros2topic/hook/pythonpath.ps1'
[2.527s] INFO:colcon.colcon_core.shell:Creating environment descriptor '/home/rmc/ros2cli/install/ros2topic/share/ros2topic/hook/pythonpath.dsv'
[2.527s] INFO:colcon.colcon_core.shell:Creating environment hook '/home/rmc/ros2cli/install/ros2topic/share/ros2topic/hook/pythonpath.sh'
[2.528s] Level 1:colcon.colcon_core.environment:checking '/home/rmc/ros2cli/install/ros2topic/bin'
[2.528s] Level 1:colcon.colcon_core.environment:create_environment_scripts_only(ros2topic)
[2.528s] INFO:colcon.colcon_core.shell:Creating package script '/home/rmc/ros2cli/install/ros2topic/share/ros2topic/package.ps1'
[2.528s] INFO:colcon.colcon_core.shell:Creating package descriptor '/home/rmc/ros2cli/install/ros2topic/share/ros2topic/package.dsv'
[2.529s] INFO:colcon.colcon_core.shell:Creating package script '/home/rmc/ros2cli/install/ros2topic/share/ros2topic/package.sh'
[2.529s] INFO:colcon.colcon_core.shell:Creating package script '/home/rmc/ros2cli/install/ros2topic/share/ros2topic/package.bash'
[2.529s] INFO:colcon.colcon_core.shell:Creating package script '/home/rmc/ros2cli/install/ros2topic/share/ros2topic/package.zsh'
[2.530s] Level 1:colcon.colcon_core.environment:create_file_with_runtime_dependencies(/home/rmc/ros2cli/install/ros2topic/share/colcon-core/packages/ros2topic)
[2.662s] INFO:colcon.colcon_core.task.python.build:Building Python package in '/home/rmc/ros2cli/ros2run'
[2.663s] INFO:colcon.colcon_core.shell:Skip shell extension 'powershell' for command environment: Not usable outside of PowerShell
[2.663s] DEBUG:colcon.colcon_core.shell:Skip shell extension 'dsv' for command environment
[2.664s] Level 1:colcon.colcon_core.shell:create_environment_hook('ros2action', 'pythonpath_develop')
[2.665s] INFO:colcon.colcon_core.shell:Creating environment hook '/home/rmc/ros2cli/build/ros2action/share/ros2action/hook/pythonpath_develop.ps1'
[2.665s] DEBUG:colcon.colcon_core.event_handler.log_command:Invoked command in '/home/rmc/ros2cli/build/ros2action' returned '0': AMENT_PREFIX_PATH=/home/rmc/ros2cli/install/ros2cli:/home/rmc/ros2cli/install/ros2topic:/home/rmc/ros2cli/install/ros2component:/home/rmc/ros2cli/install/ros2param:/home/rmc/ros2cli/install/ros2lifecycle:/home/rmc/ros2cli/install/ros2service:/home/rmc/ros2cli/install/ros2run:/home/rmc/ros2cli/install/ros2pkg:/home/rmc/ros2cli/install/ros2node:/home/rmc/ros2cli/install/ros2multicast:/home/rmc/ros2cli/install/ros2lifecycle_test_fixtures:/home/rmc/ros2cli/install/ros2interface:/home/rmc/ros2cli/install/ros2doctor:/home/rmc/ros2cli/install/ros2cli_test_interfaces:/home/rmc/ros2cli/install/ros2action:/opt/ros/rolling DEBUGINFOD_URLS=https://debuginfod.ubuntu.com PYTHONPATH=/home/rmc/ros2cli/build/ros2action/prefix_override:/usr/lib/python3/dist-packages/colcon_core/task/python/colcon_distutils_commands:/home/rmc/ros2cli/install/ros2action/lib/python3.12/site-packages:/home/rmc/ros2cli/build/ros2cli:/home/rmc/ros2cli/install/ros2cli/lib/python3.12/site-packages:/home/rmc/ros2cli/build/ros2topic:/home/rmc/ros2cli/install/ros2topic/lib/python3.12/site-packages:/home/rmc/ros2cli/build/ros2component:/home/rmc/ros2cli/install/ros2component/lib/python3.12/site-packages:/home/rmc/ros2cli/build/ros2param:/home/rmc/ros2cli/install/ros2param/lib/python3.12/site-packages:/home/rmc/ros2cli/build/ros2lifecycle:/home/rmc/ros2cli/install/ros2lifecycle/lib/python3.12/site-packages:/home/rmc/ros2cli/build/ros2service:/home/rmc/ros2cli/install/ros2service/lib/python3.12/site-packages:/home/rmc/ros2cli/build/ros2run:/home/rmc/ros2cli/install/ros2run/lib/python3.12/site-packages:/home/rmc/ros2cli/build/ros2pkg:/home/rmc/ros2cli/install/ros2pkg/lib/python3.12/site-packages:/home/rmc/ros2cli/build/ros2node:/home/rmc/ros2cli/install/ros2node/lib/python3.12/site-packages:/home/rmc/ros2cli/build/ros2multicast:/home/rmc/ros2cli/install/ros2multicast/lib/python3.12/site-packages:/home/rmc/ros2cli/build/ros2interface:/home/rmc/ros2cli/install/ros2interface/lib/python3.12/site-packages:/home/rmc/ros2cli/build/ros2doctor:/home/rmc/ros2cli/install/ros2doctor/lib/python3.12/site-packages:/home/rmc/ros2cli/install/ros2cli_test_interfaces/lib/python3.12/site-packages:/home/rmc/ros2cli/build/ros2action:/home/rmc/ros2cli/install/ros2action/lib/python3.12/site-packages:/opt/ros/rolling/lib/python3.12/site-packages /usr/bin/python3 -W ignore:setup.py install is deprecated -W ignore:easy_install command is deprecated setup.py develop --editable --build-directory /home/rmc/ros2cli/build/ros2action/build --no-deps symlink_data
[2.665s] INFO:colcon.colcon_core.shell:Creating environment descriptor '/home/rmc/ros2cli/build/ros2action/share/ros2action/hook/pythonpath_develop.dsv'
[2.665s] INFO:colcon.colcon_core.shell:Creating environment hook '/home/rmc/ros2cli/build/ros2action/share/ros2action/hook/pythonpath_develop.sh'
[2.666s] Level 1:colcon.colcon_core.environment:checking '/home/rmc/ros2cli/install/ros2action' for CMake module files
[2.666s] Level 1:colcon.colcon_core.environment:checking '/home/rmc/ros2cli/install/ros2action' for CMake config files
[2.666s] Level 1:colcon.colcon_core.environment:checking '/home/rmc/ros2cli/install/ros2action/lib'
[2.666s] Level 1:colcon.colcon_core.environment:checking '/home/rmc/ros2cli/install/ros2action/bin'
[2.666s] Level 1:colcon.colcon_core.environment:checking '/home/rmc/ros2cli/install/ros2action/lib/pkgconfig/ros2action.pc'
[2.666s] Level 1:colcon.colcon_core.environment:checking '/home/rmc/ros2cli/install/ros2action/lib/python3.12/site-packages'
[2.666s] Level 1:colcon.colcon_core.shell:create_environment_hook('ros2action', 'pythonpath')
[2.666s] INFO:colcon.colcon_core.shell:Creating environment hook '/home/rmc/ros2cli/install/ros2action/share/ros2action/hook/pythonpath.ps1'
[2.667s] INFO:colcon.colcon_core.shell:Creating environment descriptor '/home/rmc/ros2cli/install/ros2action/share/ros2action/hook/pythonpath.dsv'
[2.667s] INFO:colcon.colcon_core.shell:Creating environment hook '/home/rmc/ros2cli/install/ros2action/share/ros2action/hook/pythonpath.sh'
[2.667s] Level 1:colcon.colcon_core.environment:checking '/home/rmc/ros2cli/install/ros2action/bin'
[2.667s] Level 1:colcon.colcon_core.environment:create_environment_scripts_only(ros2action)
[2.667s] INFO:colcon.colcon_core.shell:Creating package script '/home/rmc/ros2cli/install/ros2action/share/ros2action/package.ps1'
[2.667s] INFO:colcon.colcon_core.shell:Creating package descriptor '/home/rmc/ros2cli/install/ros2action/share/ros2action/package.dsv'
[2.668s] INFO:colcon.colcon_core.shell:Creating package script '/home/rmc/ros2cli/install/ros2action/share/ros2action/package.sh'
[2.668s] INFO:colcon.colcon_core.shell:Creating package script '/home/rmc/ros2cli/install/ros2action/share/ros2action/package.bash'
[2.668s] INFO:colcon.colcon_core.shell:Creating package script '/home/rmc/ros2cli/install/ros2action/share/ros2action/package.zsh'
[2.668s] Level 1:colcon.colcon_core.environment:create_file_with_runtime_dependencies(/home/rmc/ros2cli/install/ros2action/share/colcon-core/packages/ros2action)
[2.669s] INFO:colcon.colcon_ros.task.ament_python.build:Building ROS package in '/home/rmc/ros2cli/ros2doctor' with build type 'ament_python'
[2.669s] Level 1:colcon.colcon_core.shell:create_environment_hook('ros2doctor', 'ament_prefix_path')
[2.669s] INFO:colcon.colcon_core.shell:Creating environment hook '/home/rmc/ros2cli/install/ros2doctor/share/ros2doctor/hook/ament_prefix_path.ps1'
[2.669s] INFO:colcon.colcon_core.shell:Creating environment descriptor '/home/rmc/ros2cli/install/ros2doctor/share/ros2doctor/hook/ament_prefix_path.dsv'
[2.670s] INFO:colcon.colcon_core.shell:Creating environment hook '/home/rmc/ros2cli/install/ros2doctor/share/ros2doctor/hook/ament_prefix_path.sh'
[2.670s] INFO:colcon.colcon_core.shell:Skip shell extension 'powershell' for command environment: Not usable outside of PowerShell
[2.670s] DEBUG:colcon.colcon_core.shell:Skip shell extension 'dsv' for command environment
[2.672s] Level 1:colcon.colcon_core.shell:create_environment_hook('ros2node', 'pythonpath_develop')
[2.672s] INFO:colcon.colcon_core.shell:Creating environment hook '/home/rmc/ros2cli/build/ros2node/share/ros2node/hook/pythonpath_develop.ps1'
[2.672s] DEBUG:colcon.colcon_core.event_handler.log_command:Invoked command in '/home/rmc/ros2cli/build/ros2node' returned '0': AMENT_PREFIX_PATH=/home/rmc/ros2cli/install/ros2cli:/home/rmc/ros2cli/install/ros2topic:/home/rmc/ros2cli/install/ros2component:/home/rmc/ros2cli/install/ros2param:/home/rmc/ros2cli/install/ros2lifecycle:/home/rmc/ros2cli/install/ros2service:/home/rmc/ros2cli/install/ros2run:/home/rmc/ros2cli/install/ros2pkg:/home/rmc/ros2cli/install/ros2node:/home/rmc/ros2cli/install/ros2multicast:/home/rmc/ros2cli/install/ros2lifecycle_test_fixtures:/home/rmc/ros2cli/install/ros2interface:/home/rmc/ros2cli/install/ros2doctor:/home/rmc/ros2cli/install/ros2cli_test_interfaces:/home/rmc/ros2cli/install/ros2action:/opt/ros/rolling DEBUGINFOD_URLS=https://debuginfod.ubuntu.com PYTHONPATH=/home/rmc/ros2cli/build/ros2node/prefix_override:/usr/lib/python3/dist-packages/colcon_core/task/python/colcon_distutils_commands:/home/rmc/ros2cli/install/ros2node/lib/python3.12/site-packages:/home/rmc/ros2cli/build/ros2cli:/home/rmc/ros2cli/install/ros2cli/lib/python3.12/site-packages:/home/rmc/ros2cli/build/ros2topic:/home/rmc/ros2cli/install/ros2topic/lib/python3.12/site-packages:/home/rmc/ros2cli/build/ros2component:/home/rmc/ros2cli/install/ros2component/lib/python3.12/site-packages:/home/rmc/ros2cli/build/ros2param:/home/rmc/ros2cli/install/ros2param/lib/python3.12/site-packages:/home/rmc/ros2cli/build/ros2lifecycle:/home/rmc/ros2cli/install/ros2lifecycle/lib/python3.12/site-packages:/home/rmc/ros2cli/build/ros2service:/home/rmc/ros2cli/install/ros2service/lib/python3.12/site-packages:/home/rmc/ros2cli/build/ros2run:/home/rmc/ros2cli/install/ros2run/lib/python3.12/site-packages:/home/rmc/ros2cli/build/ros2pkg:/home/rmc/ros2cli/install/ros2pkg/lib/python3.12/site-packages:/home/rmc/ros2cli/build/ros2node:/home/rmc/ros2cli/install/ros2node/lib/python3.12/site-packages:/home/rmc/ros2cli/build/ros2multicast:/home/rmc/ros2cli/install/ros2multicast/lib/python3.12/site-packages:/home/rmc/ros2cli/build/ros2interface:/home/rmc/ros2cli/install/ros2interface/lib/python3.12/site-packages:/home/rmc/ros2cli/build/ros2doctor:/home/rmc/ros2cli/install/ros2doctor/lib/python3.12/site-packages:/home/rmc/ros2cli/install/ros2cli_test_interfaces/lib/python3.12/site-packages:/home/rmc/ros2cli/build/ros2action:/home/rmc/ros2cli/install/ros2action/lib/python3.12/site-packages:/opt/ros/rolling/lib/python3.12/site-packages /usr/bin/python3 -W ignore:setup.py install is deprecated -W ignore:easy_install command is deprecated setup.py develop --editable --build-directory /home/rmc/ros2cli/build/ros2node/build --no-deps symlink_data
[2.672s] INFO:colcon.colcon_core.shell:Creating environment descriptor '/home/rmc/ros2cli/build/ros2node/share/ros2node/hook/pythonpath_develop.dsv'
[2.672s] INFO:colcon.colcon_core.shell:Creating environment hook '/home/rmc/ros2cli/build/ros2node/share/ros2node/hook/pythonpath_develop.sh'
[2.672s] Level 1:colcon.colcon_core.environment:checking '/home/rmc/ros2cli/install/ros2node' for CMake module files
[2.673s] Level 1:colcon.colcon_core.environment:checking '/home/rmc/ros2cli/install/ros2node' for CMake config files
[2.673s] Level 1:colcon.colcon_core.environment:checking '/home/rmc/ros2cli/install/ros2node/lib'
[2.673s] Level 1:colcon.colcon_core.environment:checking '/home/rmc/ros2cli/install/ros2node/bin'
[2.673s] Level 1:colcon.colcon_core.environment:checking '/home/rmc/ros2cli/install/ros2node/lib/pkgconfig/ros2node.pc'
[2.673s] Level 1:colcon.colcon_core.environment:checking '/home/rmc/ros2cli/install/ros2node/lib/python3.12/site-packages'
[2.673s] Level 1:colcon.colcon_core.shell:create_environment_hook('ros2node', 'pythonpath')
[2.673s] INFO:colcon.colcon_core.shell:Creating environment hook '/home/rmc/ros2cli/install/ros2node/share/ros2node/hook/pythonpath.ps1'
[2.673s] INFO:colcon.colcon_core.shell:Creating environment descriptor '/home/rmc/ros2cli/install/ros2node/share/ros2node/hook/pythonpath.dsv'
[2.673s] INFO:colcon.colcon_core.shell:Creating environment hook '/home/rmc/ros2cli/install/ros2node/share/ros2node/hook/pythonpath.sh'
[2.674s] Level 1:colcon.colcon_core.environment:checking '/home/rmc/ros2cli/install/ros2node/bin'
[2.674s] Level 1:colcon.colcon_core.environment:create_environment_scripts_only(ros2node)
[2.674s] INFO:colcon.colcon_core.shell:Creating package script '/home/rmc/ros2cli/install/ros2node/share/ros2node/package.ps1'
[2.674s] INFO:colcon.colcon_core.shell:Creating package descriptor '/home/rmc/ros2cli/install/ros2node/share/ros2node/package.dsv'
[2.674s] INFO:colcon.colcon_core.shell:Creating package script '/home/rmc/ros2cli/install/ros2node/share/ros2node/package.sh'
[2.674s] INFO:colcon.colcon_core.shell:Creating package script '/home/rmc/ros2cli/install/ros2node/share/ros2node/package.bash'
[2.674s] INFO:colcon.colcon_core.shell:Creating package script '/home/rmc/ros2cli/install/ros2node/share/ros2node/package.zsh'
[2.674s] Level 1:colcon.colcon_core.environment:create_file_with_runtime_dependencies(/home/rmc/ros2cli/install/ros2node/share/colcon-core/packages/ros2node)
[2.675s] Level 1:colcon.colcon_core.shell:create_environment_hook('ros2multicast', 'pythonpath_develop')
[2.675s] INFO:colcon.colcon_core.shell:Creating environment hook '/home/rmc/ros2cli/build/ros2multicast/share/ros2multicast/hook/pythonpath_develop.ps1'
[2.675s] DEBUG:colcon.colcon_core.event_handler.log_command:Invoked command in '/home/rmc/ros2cli/build/ros2multicast' returned '0': AMENT_PREFIX_PATH=/home/rmc/ros2cli/install/ros2cli:/home/rmc/ros2cli/install/ros2topic:/home/rmc/ros2cli/install/ros2component:/home/rmc/ros2cli/install/ros2param:/home/rmc/ros2cli/install/ros2lifecycle:/home/rmc/ros2cli/install/ros2service:/home/rmc/ros2cli/install/ros2run:/home/rmc/ros2cli/install/ros2pkg:/home/rmc/ros2cli/install/ros2node:/home/rmc/ros2cli/install/ros2multicast:/home/rmc/ros2cli/install/ros2lifecycle_test_fixtures:/home/rmc/ros2cli/install/ros2interface:/home/rmc/ros2cli/install/ros2doctor:/home/rmc/ros2cli/install/ros2cli_test_interfaces:/home/rmc/ros2cli/install/ros2action:/opt/ros/rolling DEBUGINFOD_URLS=https://debuginfod.ubuntu.com PYTHONPATH=/home/rmc/ros2cli/build/ros2multicast/prefix_override:/usr/lib/python3/dist-packages/colcon_core/task/python/colcon_distutils_commands:/home/rmc/ros2cli/install/ros2multicast/lib/python3.12/site-packages:/home/rmc/ros2cli/build/ros2cli:/home/rmc/ros2cli/install/ros2cli/lib/python3.12/site-packages:/home/rmc/ros2cli/build/ros2topic:/home/rmc/ros2cli/install/ros2topic/lib/python3.12/site-packages:/home/rmc/ros2cli/build/ros2component:/home/rmc/ros2cli/install/ros2component/lib/python3.12/site-packages:/home/rmc/ros2cli/build/ros2param:/home/rmc/ros2cli/install/ros2param/lib/python3.12/site-packages:/home/rmc/ros2cli/build/ros2lifecycle:/home/rmc/ros2cli/install/ros2lifecycle/lib/python3.12/site-packages:/home/rmc/ros2cli/build/ros2service:/home/rmc/ros2cli/install/ros2service/lib/python3.12/site-packages:/home/rmc/ros2cli/build/ros2run:/home/rmc/ros2cli/install/ros2run/lib/python3.12/site-packages:/home/rmc/ros2cli/build/ros2pkg:/home/rmc/ros2cli/install/ros2pkg/lib/python3.12/site-packages:/home/rmc/ros2cli/build/ros2node:/home/rmc/ros2cli/install/ros2node/lib/python3.12/site-packages:/home/rmc/ros2cli/build/ros2multicast:/home/rmc/ros2cli/install/ros2multicast/lib/python3.12/site-packages:/home/rmc/ros2cli/build/ros2interface:/home/rmc/ros2cli/install/ros2interface/lib/python3.12/site-packages:/home/rmc/ros2cli/build/ros2doctor:/home/rmc/ros2cli/install/ros2doctor/lib/python3.12/site-packages:/home/rmc/ros2cli/install/ros2cli_test_interfaces/lib/python3.12/site-packages:/home/rmc/ros2cli/build/ros2action:/home/rmc/ros2cli/install/ros2action/lib/python3.12/site-packages:/opt/ros/rolling/lib/python3.12/site-packages /usr/bin/python3 -W ignore:setup.py install is deprecated -W ignore:easy_install command is deprecated setup.py develop --editable --build-directory /home/rmc/ros2cli/build/ros2multicast/build --no-deps symlink_data
[2.675s] INFO:colcon.colcon_core.shell:Creating environment descriptor '/home/rmc/ros2cli/build/ros2multicast/share/ros2multicast/hook/pythonpath_develop.dsv'
[2.675s] INFO:colcon.colcon_core.shell:Creating environment hook '/home/rmc/ros2cli/build/ros2multicast/share/ros2multicast/hook/pythonpath_develop.sh'
[2.675s] Level 1:colcon.colcon_core.environment:checking '/home/rmc/ros2cli/install/ros2multicast' for CMake module files
[2.676s] Level 1:colcon.colcon_core.environment:checking '/home/rmc/ros2cli/install/ros2multicast' for CMake config files
[2.676s] Level 1:colcon.colcon_core.environment:checking '/home/rmc/ros2cli/install/ros2multicast/lib'
[2.676s] Level 1:colcon.colcon_core.environment:checking '/home/rmc/ros2cli/install/ros2multicast/bin'
[2.676s] Level 1:colcon.colcon_core.environment:checking '/home/rmc/ros2cli/install/ros2multicast/lib/pkgconfig/ros2multicast.pc'
[2.676s] Level 1:colcon.colcon_core.environment:checking '/home/rmc/ros2cli/install/ros2multicast/lib/python3.12/site-packages'
[2.676s] Level 1:colcon.colcon_core.shell:create_environment_hook('ros2multicast', 'pythonpath')
[2.676s] INFO:colcon.colcon_core.shell:Creating environment hook '/home/rmc/ros2cli/install/ros2multicast/share/ros2multicast/hook/pythonpath.ps1'
[2.676s] INFO:colcon.colcon_core.shell:Creating environment descriptor '/home/rmc/ros2cli/install/ros2multicast/share/ros2multicast/hook/pythonpath.dsv'
[2.676s] INFO:colcon.colcon_core.shell:Creating environment hook '/home/rmc/ros2cli/install/ros2multicast/share/ros2multicast/hook/pythonpath.sh'
[2.677s] Level 1:colcon.colcon_core.environment:checking '/home/rmc/ros2cli/install/ros2multicast/bin'
[2.677s] Level 1:colcon.colcon_core.environment:create_environment_scripts_only(ros2multicast)
[2.677s] INFO:colcon.colcon_core.shell:Creating package script '/home/rmc/ros2cli/install/ros2multicast/share/ros2multicast/package.ps1'
[2.677s] INFO:colcon.colcon_core.shell:Creating package descriptor '/home/rmc/ros2cli/install/ros2multicast/share/ros2multicast/package.dsv'
[2.677s] INFO:colcon.colcon_core.shell:Creating package script '/home/rmc/ros2cli/install/ros2multicast/share/ros2multicast/package.sh'
[2.677s] INFO:colcon.colcon_core.shell:Creating package script '/home/rmc/ros2cli/install/ros2multicast/share/ros2multicast/package.bash'
[2.677s] INFO:colcon.colcon_core.shell:Creating package script '/home/rmc/ros2cli/install/ros2multicast/share/ros2multicast/package.zsh'
[2.678s] Level 1:colcon.colcon_core.environment:create_file_with_runtime_dependencies(/home/rmc/ros2cli/install/ros2multicast/share/colcon-core/packages/ros2multicast)
[2.678s] Level 1:colcon.colcon_core.shell:create_environment_hook('ros2service', 'pythonpath_develop')
[2.678s] INFO:colcon.colcon_core.shell:Creating environment hook '/home/rmc/ros2cli/build/ros2service/share/ros2service/hook/pythonpath_develop.ps1'
[2.678s] INFO:colcon.colcon_core.shell:Creating environment descriptor '/home/rmc/ros2cli/build/ros2service/share/ros2service/hook/pythonpath_develop.dsv'
[2.678s] DEBUG:colcon.colcon_core.event_handler.log_command:Invoked command in '/home/rmc/ros2cli/build/ros2service' returned '0': AMENT_PREFIX_PATH=/home/rmc/ros2cli/install/ros2cli:/home/rmc/ros2cli/install/ros2topic:/home/rmc/ros2cli/install/ros2component:/home/rmc/ros2cli/install/ros2param:/home/rmc/ros2cli/install/ros2lifecycle:/home/rmc/ros2cli/install/ros2service:/home/rmc/ros2cli/install/ros2run:/home/rmc/ros2cli/install/ros2pkg:/home/rmc/ros2cli/install/ros2node:/home/rmc/ros2cli/install/ros2multicast:/home/rmc/ros2cli/install/ros2lifecycle_test_fixtures:/home/rmc/ros2cli/install/ros2interface:/home/rmc/ros2cli/install/ros2doctor:/home/rmc/ros2cli/install/ros2cli_test_interfaces:/home/rmc/ros2cli/install/ros2action:/opt/ros/rolling DEBUGINFOD_URLS=https://debuginfod.ubuntu.com PYTHONPATH=/home/rmc/ros2cli/build/ros2service/prefix_override:/usr/lib/python3/dist-packages/colcon_core/task/python/colcon_distutils_commands:/home/rmc/ros2cli/install/ros2service/lib/python3.12/site-packages:/home/rmc/ros2cli/build/ros2cli:/home/rmc/ros2cli/install/ros2cli/lib/python3.12/site-packages:/home/rmc/ros2cli/build/ros2topic:/home/rmc/ros2cli/install/ros2topic/lib/python3.12/site-packages:/home/rmc/ros2cli/build/ros2component:/home/rmc/ros2cli/install/ros2component/lib/python3.12/site-packages:/home/rmc/ros2cli/build/ros2param:/home/rmc/ros2cli/install/ros2param/lib/python3.12/site-packages:/home/rmc/ros2cli/build/ros2lifecycle:/home/rmc/ros2cli/install/ros2lifecycle/lib/python3.12/site-packages:/home/rmc/ros2cli/build/ros2service:/home/rmc/ros2cli/install/ros2service/lib/python3.12/site-packages:/home/rmc/ros2cli/build/ros2run:/home/rmc/ros2cli/install/ros2run/lib/python3.12/site-packages:/home/rmc/ros2cli/build/ros2pkg:/home/rmc/ros2cli/install/ros2pkg/lib/python3.12/site-packages:/home/rmc/ros2cli/build/ros2node:/home/rmc/ros2cli/install/ros2node/lib/python3.12/site-packages:/home/rmc/ros2cli/build/ros2multicast:/home/rmc/ros2cli/install/ros2multicast/lib/python3.12/site-packages:/home/rmc/ros2cli/build/ros2interface:/home/rmc/ros2cli/install/ros2interface/lib/python3.12/site-packages:/home/rmc/ros2cli/build/ros2doctor:/home/rmc/ros2cli/install/ros2doctor/lib/python3.12/site-packages:/home/rmc/ros2cli/install/ros2cli_test_interfaces/lib/python3.12/site-packages:/home/rmc/ros2cli/build/ros2action:/home/rmc/ros2cli/install/ros2action/lib/python3.12/site-packages:/opt/ros/rolling/lib/python3.12/site-packages /usr/bin/python3 -W ignore:setup.py install is deprecated -W ignore:easy_install command is deprecated setup.py develop --editable --build-directory /home/rmc/ros2cli/build/ros2service/build --no-deps symlink_data
[2.679s] INFO:colcon.colcon_core.shell:Creating environment hook '/home/rmc/ros2cli/build/ros2service/share/ros2service/hook/pythonpath_develop.sh'
[2.679s] Level 1:colcon.colcon_core.environment:checking '/home/rmc/ros2cli/install/ros2service' for CMake module files
[2.679s] Level 1:colcon.colcon_core.environment:checking '/home/rmc/ros2cli/install/ros2service' for CMake config files
[2.679s] Level 1:colcon.colcon_core.environment:checking '/home/rmc/ros2cli/install/ros2service/lib'
[2.679s] Level 1:colcon.colcon_core.environment:checking '/home/rmc/ros2cli/install/ros2service/bin'
[2.679s] Level 1:colcon.colcon_core.environment:checking '/home/rmc/ros2cli/install/ros2service/lib/pkgconfig/ros2service.pc'
[2.679s] Level 1:colcon.colcon_core.environment:checking '/home/rmc/ros2cli/install/ros2service/lib/python3.12/site-packages'
[2.679s] Level 1:colcon.colcon_core.shell:create_environment_hook('ros2service', 'pythonpath')
[2.679s] INFO:colcon.colcon_core.shell:Creating environment hook '/home/rmc/ros2cli/install/ros2service/share/ros2service/hook/pythonpath.ps1'
[2.680s] INFO:colcon.colcon_core.shell:Creating environment descriptor '/home/rmc/ros2cli/install/ros2service/share/ros2service/hook/pythonpath.dsv'
[2.680s] INFO:colcon.colcon_core.shell:Creating environment hook '/home/rmc/ros2cli/install/ros2service/share/ros2service/hook/pythonpath.sh'
[2.680s] Level 1:colcon.colcon_core.environment:checking '/home/rmc/ros2cli/install/ros2service/bin'
[2.680s] Level 1:colcon.colcon_core.environment:create_environment_scripts_only(ros2service)
[2.680s] INFO:colcon.colcon_core.shell:Creating package script '/home/rmc/ros2cli/install/ros2service/share/ros2service/package.ps1'
[2.680s] INFO:colcon.colcon_core.shell:Creating package descriptor '/home/rmc/ros2cli/install/ros2service/share/ros2service/package.dsv'
[2.680s] INFO:colcon.colcon_core.shell:Creating package script '/home/rmc/ros2cli/install/ros2service/share/ros2service/package.sh'
[2.681s] INFO:colcon.colcon_core.shell:Creating package script '/home/rmc/ros2cli/install/ros2service/share/ros2service/package.bash'
[2.681s] INFO:colcon.colcon_core.shell:Creating package script '/home/rmc/ros2cli/install/ros2service/share/ros2service/package.zsh'
[2.681s] Level 1:colcon.colcon_core.environment:create_file_with_runtime_dependencies(/home/rmc/ros2cli/install/ros2service/share/colcon-core/packages/ros2service)
[2.682s] INFO:colcon.colcon_ros.task.ament_python.build:Building ROS package in '/home/rmc/ros2cli/ros2param' with build type 'ament_python'
[2.682s] Level 1:colcon.colcon_core.shell:create_environment_hook('ros2param', 'ament_prefix_path')
[2.683s] INFO:colcon.colcon_core.shell:Creating environment hook '/home/rmc/ros2cli/install/ros2param/share/ros2param/hook/ament_prefix_path.ps1'
[2.683s] INFO:colcon.colcon_core.shell:Creating environment descriptor '/home/rmc/ros2cli/install/ros2param/share/ros2param/hook/ament_prefix_path.dsv'
[2.683s] INFO:colcon.colcon_core.shell:Creating environment hook '/home/rmc/ros2cli/install/ros2param/share/ros2param/hook/ament_prefix_path.sh'
[2.683s] INFO:colcon.colcon_core.shell:Skip shell extension 'powershell' for command environment: Not usable outside of PowerShell
[2.683s] DEBUG:colcon.colcon_core.shell:Skip shell extension 'dsv' for command environment
[2.823s] INFO:colcon.colcon_core.task.python.build:Building Python package in '/home/rmc/ros2cli/ros2doctor'
[2.823s] INFO:colcon.colcon_core.shell:Skip shell extension 'powershell' for command environment: Not usable outside of PowerShell
[2.823s] DEBUG:colcon.colcon_core.shell:Skip shell extension 'dsv' for command environment
[2.958s] INFO:colcon.colcon_core.task.python.build:Building Python package in '/home/rmc/ros2cli/ros2param'
[2.958s] INFO:colcon.colcon_core.shell:Skip shell extension 'powershell' for command environment: Not usable outside of PowerShell
[2.958s] DEBUG:colcon.colcon_core.shell:Skip shell extension 'dsv' for command environment
[3.045s] DEBUG:colcon.colcon_core.event_handler.log_command:Invoking command in '/home/rmc/ros2cli/build/ros2run': AMENT_PREFIX_PATH=/home/rmc/ros2cli/install/ros2pkg:/home/rmc/ros2cli/install/ros2cli:/home/rmc/ros2cli/install/ros2topic:/home/rmc/ros2cli/install/ros2component:/home/rmc/ros2cli/install/ros2param:/home/rmc/ros2cli/install/ros2lifecycle:/home/rmc/ros2cli/install/ros2service:/home/rmc/ros2cli/install/ros2run:/home/rmc/ros2cli/install/ros2node:/home/rmc/ros2cli/install/ros2multicast:/home/rmc/ros2cli/install/ros2lifecycle_test_fixtures:/home/rmc/ros2cli/install/ros2interface:/home/rmc/ros2cli/install/ros2doctor:/home/rmc/ros2cli/install/ros2cli_test_interfaces:/home/rmc/ros2cli/install/ros2action:/opt/ros/rolling DEBUGINFOD_URLS=https://debuginfod.ubuntu.com PYTHONPATH=/home/rmc/ros2cli/build/ros2run/prefix_override:/usr/lib/python3/dist-packages/colcon_core/task/python/colcon_distutils_commands:/home/rmc/ros2cli/install/ros2run/lib/python3.12/site-packages:/home/rmc/ros2cli/build/ros2pkg:/home/rmc/ros2cli/install/ros2pkg/lib/python3.12/site-packages:/home/rmc/ros2cli/build/ros2cli:/home/rmc/ros2cli/install/ros2cli/lib/python3.12/site-packages:/home/rmc/ros2cli/build/ros2topic:/home/rmc/ros2cli/install/ros2topic/lib/python3.12/site-packages:/home/rmc/ros2cli/build/ros2component:/home/rmc/ros2cli/install/ros2component/lib/python3.12/site-packages:/home/rmc/ros2cli/build/ros2param:/home/rmc/ros2cli/install/ros2param/lib/python3.12/site-packages:/home/rmc/ros2cli/build/ros2lifecycle:/home/rmc/ros2cli/install/ros2lifecycle/lib/python3.12/site-packages:/home/rmc/ros2cli/build/ros2service:/home/rmc/ros2cli/install/ros2service/lib/python3.12/site-packages:/home/rmc/ros2cli/build/ros2run:/home/rmc/ros2cli/install/ros2run/lib/python3.12/site-packages:/home/rmc/ros2cli/build/ros2node:/home/rmc/ros2cli/install/ros2node/lib/python3.12/site-packages:/home/rmc/ros2cli/build/ros2multicast:/home/rmc/ros2cli/install/ros2multicast/lib/python3.12/site-packages:/home/rmc/ros2cli/build/ros2interface:/home/rmc/ros2cli/install/ros2interface/lib/python3.12/site-packages:/home/rmc/ros2cli/build/ros2doctor:/home/rmc/ros2cli/install/ros2doctor/lib/python3.12/site-packages:/home/rmc/ros2cli/install/ros2cli_test_interfaces/lib/python3.12/site-packages:/home/rmc/ros2cli/build/ros2action:/home/rmc/ros2cli/install/ros2action/lib/python3.12/site-packages:/opt/ros/rolling/lib/python3.12/site-packages /usr/bin/python3 -W ignore:setup.py install is deprecated -W ignore:easy_install command is deprecated setup.py develop --editable --build-directory /home/rmc/ros2cli/build/ros2run/build --no-deps symlink_data
[3.372s] DEBUG:colcon.colcon_core.event_handler.log_command:Invoking command in '/home/rmc/ros2cli/build/ros2param': AMENT_PREFIX_PATH=/home/rmc/ros2cli/install/ros2service:/home/rmc/ros2cli/install/ros2node:/home/rmc/ros2cli/install/ros2cli:/home/rmc/ros2cli/install/ros2topic:/home/rmc/ros2cli/install/ros2component:/home/rmc/ros2cli/install/ros2param:/home/rmc/ros2cli/install/ros2lifecycle:/home/rmc/ros2cli/install/ros2run:/home/rmc/ros2cli/install/ros2pkg:/home/rmc/ros2cli/install/ros2multicast:/home/rmc/ros2cli/install/ros2lifecycle_test_fixtures:/home/rmc/ros2cli/install/ros2interface:/home/rmc/ros2cli/install/ros2doctor:/home/rmc/ros2cli/install/ros2cli_test_interfaces:/home/rmc/ros2cli/install/ros2action:/opt/ros/rolling DEBUGINFOD_URLS=https://debuginfod.ubuntu.com PYTHONPATH=/home/rmc/ros2cli/build/ros2param/prefix_override:/usr/lib/python3/dist-packages/colcon_core/task/python/colcon_distutils_commands:/home/rmc/ros2cli/install/ros2param/lib/python3.12/site-packages:/home/rmc/ros2cli/build/ros2service:/home/rmc/ros2cli/install/ros2service/lib/python3.12/site-packages:/home/rmc/ros2cli/build/ros2node:/home/rmc/ros2cli/install/ros2node/lib/python3.12/site-packages:/home/rmc/ros2cli/build/ros2cli:/home/rmc/ros2cli/install/ros2cli/lib/python3.12/site-packages:/home/rmc/ros2cli/build/ros2topic:/home/rmc/ros2cli/install/ros2topic/lib/python3.12/site-packages:/home/rmc/ros2cli/build/ros2component:/home/rmc/ros2cli/install/ros2component/lib/python3.12/site-packages:/home/rmc/ros2cli/build/ros2param:/home/rmc/ros2cli/install/ros2param/lib/python3.12/site-packages:/home/rmc/ros2cli/build/ros2lifecycle:/home/rmc/ros2cli/install/ros2lifecycle/lib/python3.12/site-packages:/home/rmc/ros2cli/build/ros2run:/home/rmc/ros2cli/install/ros2run/lib/python3.12/site-packages:/home/rmc/ros2cli/build/ros2pkg:/home/rmc/ros2cli/install/ros2pkg/lib/python3.12/site-packages:/home/rmc/ros2cli/build/ros2multicast:/home/rmc/ros2cli/install/ros2multicast/lib/python3.12/site-packages:/home/rmc/ros2cli/build/ros2interface:/home/rmc/ros2cli/install/ros2interface/lib/python3.12/site-packages:/home/rmc/ros2cli/build/ros2doctor:/home/rmc/ros2cli/install/ros2doctor/lib/python3.12/site-packages:/home/rmc/ros2cli/install/ros2cli_test_interfaces/lib/python3.12/site-packages:/home/rmc/ros2cli/build/ros2action:/home/rmc/ros2cli/install/ros2action/lib/python3.12/site-packages:/opt/ros/rolling/lib/python3.12/site-packages /usr/bin/python3 -W ignore:setup.py install is deprecated -W ignore:easy_install command is deprecated setup.py develop --editable --build-directory /home/rmc/ros2cli/build/ros2param/build --no-deps symlink_data
[3.374s] DEBUG:colcon.colcon_core.event_handler.log_command:Invoking command in '/home/rmc/ros2cli/build/ros2doctor': AMENT_PREFIX_PATH=/home/rmc/ros2cli/install/ros2action:/home/rmc/ros2cli/install/ros2cli:/home/rmc/ros2cli/install/ros2topic:/home/rmc/ros2cli/install/ros2component:/home/rmc/ros2cli/install/ros2param:/home/rmc/ros2cli/install/ros2lifecycle:/home/rmc/ros2cli/install/ros2service:/home/rmc/ros2cli/install/ros2run:/home/rmc/ros2cli/install/ros2pkg:/home/rmc/ros2cli/install/ros2node:/home/rmc/ros2cli/install/ros2multicast:/home/rmc/ros2cli/install/ros2lifecycle_test_fixtures:/home/rmc/ros2cli/install/ros2interface:/home/rmc/ros2cli/install/ros2doctor:/home/rmc/ros2cli/install/ros2cli_test_interfaces:/opt/ros/rolling DEBUGINFOD_URLS=https://debuginfod.ubuntu.com PYTHONPATH=/home/rmc/ros2cli/build/ros2doctor/prefix_override:/usr/lib/python3/dist-packages/colcon_core/task/python/colcon_distutils_commands:/home/rmc/ros2cli/install/ros2doctor/lib/python3.12/site-packages:/home/rmc/ros2cli/build/ros2action:/home/rmc/ros2cli/install/ros2action/lib/python3.12/site-packages:/home/rmc/ros2cli/build/ros2cli:/home/rmc/ros2cli/install/ros2cli/lib/python3.12/site-packages:/home/rmc/ros2cli/build/ros2topic:/home/rmc/ros2cli/install/ros2topic/lib/python3.12/site-packages:/home/rmc/ros2cli/build/ros2component:/home/rmc/ros2cli/install/ros2component/lib/python3.12/site-packages:/home/rmc/ros2cli/build/ros2param:/home/rmc/ros2cli/install/ros2param/lib/python3.12/site-packages:/home/rmc/ros2cli/build/ros2lifecycle:/home/rmc/ros2cli/install/ros2lifecycle/lib/python3.12/site-packages:/home/rmc/ros2cli/build/ros2service:/home/rmc/ros2cli/install/ros2service/lib/python3.12/site-packages:/home/rmc/ros2cli/build/ros2run:/home/rmc/ros2cli/install/ros2run/lib/python3.12/site-packages:/home/rmc/ros2cli/build/ros2pkg:/home/rmc/ros2cli/install/ros2pkg/lib/python3.12/site-packages:/home/rmc/ros2cli/build/ros2node:/home/rmc/ros2cli/install/ros2node/lib/python3.12/site-packages:/home/rmc/ros2cli/build/ros2multicast:/home/rmc/ros2cli/install/ros2multicast/lib/python3.12/site-packages:/home/rmc/ros2cli/build/ros2interface:/home/rmc/ros2cli/install/ros2interface/lib/python3.12/site-packages:/home/rmc/ros2cli/build/ros2doctor:/home/rmc/ros2cli/install/ros2doctor/lib/python3.12/site-packages:/home/rmc/ros2cli/install/ros2cli_test_interfaces/lib/python3.12/site-packages:/opt/ros/rolling/lib/python3.12/site-packages /usr/bin/python3 -W ignore:setup.py install is deprecated -W ignore:easy_install command is deprecated setup.py develop --editable --build-directory /home/rmc/ros2cli/build/ros2doctor/build --no-deps symlink_data
[3.469s] Level 1:colcon.colcon_core.shell:create_environment_hook('ros2run', 'pythonpath_develop')
[3.469s] INFO:colcon.colcon_core.shell:Creating environment hook '/home/rmc/ros2cli/build/ros2run/share/ros2run/hook/pythonpath_develop.ps1'
[3.470s] DEBUG:colcon.colcon_core.event_handler.log_command:Invoked command in '/home/rmc/ros2cli/build/ros2run' returned '0': AMENT_PREFIX_PATH=/home/rmc/ros2cli/install/ros2pkg:/home/rmc/ros2cli/install/ros2cli:/home/rmc/ros2cli/install/ros2topic:/home/rmc/ros2cli/install/ros2component:/home/rmc/ros2cli/install/ros2param:/home/rmc/ros2cli/install/ros2lifecycle:/home/rmc/ros2cli/install/ros2service:/home/rmc/ros2cli/install/ros2run:/home/rmc/ros2cli/install/ros2node:/home/rmc/ros2cli/install/ros2multicast:/home/rmc/ros2cli/install/ros2lifecycle_test_fixtures:/home/rmc/ros2cli/install/ros2interface:/home/rmc/ros2cli/install/ros2doctor:/home/rmc/ros2cli/install/ros2cli_test_interfaces:/home/rmc/ros2cli/install/ros2action:/opt/ros/rolling DEBUGINFOD_URLS=https://debuginfod.ubuntu.com PYTHONPATH=/home/rmc/ros2cli/build/ros2run/prefix_override:/usr/lib/python3/dist-packages/colcon_core/task/python/colcon_distutils_commands:/home/rmc/ros2cli/install/ros2run/lib/python3.12/site-packages:/home/rmc/ros2cli/build/ros2pkg:/home/rmc/ros2cli/install/ros2pkg/lib/python3.12/site-packages:/home/rmc/ros2cli/build/ros2cli:/home/rmc/ros2cli/install/ros2cli/lib/python3.12/site-packages:/home/rmc/ros2cli/build/ros2topic:/home/rmc/ros2cli/install/ros2topic/lib/python3.12/site-packages:/home/rmc/ros2cli/build/ros2component:/home/rmc/ros2cli/install/ros2component/lib/python3.12/site-packages:/home/rmc/ros2cli/build/ros2param:/home/rmc/ros2cli/install/ros2param/lib/python3.12/site-packages:/home/rmc/ros2cli/build/ros2lifecycle:/home/rmc/ros2cli/install/ros2lifecycle/lib/python3.12/site-packages:/home/rmc/ros2cli/build/ros2service:/home/rmc/ros2cli/install/ros2service/lib/python3.12/site-packages:/home/rmc/ros2cli/build/ros2run:/home/rmc/ros2cli/install/ros2run/lib/python3.12/site-packages:/home/rmc/ros2cli/build/ros2node:/home/rmc/ros2cli/install/ros2node/lib/python3.12/site-packages:/home/rmc/ros2cli/build/ros2multicast:/home/rmc/ros2cli/install/ros2multicast/lib/python3.12/site-packages:/home/rmc/ros2cli/build/ros2interface:/home/rmc/ros2cli/install/ros2interface/lib/python3.12/site-packages:/home/rmc/ros2cli/build/ros2doctor:/home/rmc/ros2cli/install/ros2doctor/lib/python3.12/site-packages:/home/rmc/ros2cli/install/ros2cli_test_interfaces/lib/python3.12/site-packages:/home/rmc/ros2cli/build/ros2action:/home/rmc/ros2cli/install/ros2action/lib/python3.12/site-packages:/opt/ros/rolling/lib/python3.12/site-packages /usr/bin/python3 -W ignore:setup.py install is deprecated -W ignore:easy_install command is deprecated setup.py develop --editable --build-directory /home/rmc/ros2cli/build/ros2run/build --no-deps symlink_data
[3.470s] INFO:colcon.colcon_core.shell:Creating environment descriptor '/home/rmc/ros2cli/build/ros2run/share/ros2run/hook/pythonpath_develop.dsv'
[3.470s] INFO:colcon.colcon_core.shell:Creating environment hook '/home/rmc/ros2cli/build/ros2run/share/ros2run/hook/pythonpath_develop.sh'
[3.470s] Level 1:colcon.colcon_core.environment:checking '/home/rmc/ros2cli/install/ros2run' for CMake module files
[3.471s] Level 1:colcon.colcon_core.environment:checking '/home/rmc/ros2cli/install/ros2run' for CMake config files
[3.471s] Level 1:colcon.colcon_core.environment:checking '/home/rmc/ros2cli/install/ros2run/lib'
[3.471s] Level 1:colcon.colcon_core.environment:checking '/home/rmc/ros2cli/install/ros2run/bin'
[3.471s] Level 1:colcon.colcon_core.environment:checking '/home/rmc/ros2cli/install/ros2run/lib/pkgconfig/ros2run.pc'
[3.471s] Level 1:colcon.colcon_core.environment:checking '/home/rmc/ros2cli/install/ros2run/lib/python3.12/site-packages'
[3.471s] Level 1:colcon.colcon_core.shell:create_environment_hook('ros2run', 'pythonpath')
[3.471s] INFO:colcon.colcon_core.shell:Creating environment hook '/home/rmc/ros2cli/install/ros2run/share/ros2run/hook/pythonpath.ps1'
[3.471s] INFO:colcon.colcon_core.shell:Creating environment descriptor '/home/rmc/ros2cli/install/ros2run/share/ros2run/hook/pythonpath.dsv'
[3.471s] INFO:colcon.colcon_core.shell:Creating environment hook '/home/rmc/ros2cli/install/ros2run/share/ros2run/hook/pythonpath.sh'
[3.472s] Level 1:colcon.colcon_core.environment:checking '/home/rmc/ros2cli/install/ros2run/bin'
[3.472s] Level 1:colcon.colcon_core.environment:create_environment_scripts_only(ros2run)
[3.472s] INFO:colcon.colcon_core.shell:Creating package script '/home/rmc/ros2cli/install/ros2run/share/ros2run/package.ps1'
[3.472s] INFO:colcon.colcon_core.shell:Creating package descriptor '/home/rmc/ros2cli/install/ros2run/share/ros2run/package.dsv'
[3.472s] INFO:colcon.colcon_core.shell:Creating package script '/home/rmc/ros2cli/install/ros2run/share/ros2run/package.sh'
[3.472s] INFO:colcon.colcon_core.shell:Creating package script '/home/rmc/ros2cli/install/ros2run/share/ros2run/package.bash'
[3.473s] INFO:colcon.colcon_core.shell:Creating package script '/home/rmc/ros2cli/install/ros2run/share/ros2run/package.zsh'
[3.473s] Level 1:colcon.colcon_core.environment:create_file_with_runtime_dependencies(/home/rmc/ros2cli/install/ros2run/share/colcon-core/packages/ros2run)
[3.528s] DEBUG:colcon.colcon_core.event_handler.log_command:Invoked command in '/home/rmc/ros2cli/build/ros2lifecycle_test_fixtures' returned '0': CMAKE_PREFIX_PATH=${CMAKE_PREFIX_PATH}:/home/rmc/ros2cli/install/ros2topic:/home/rmc/ros2cli/install/ros2component:/home/rmc/ros2cli/install/ros2param:/home/rmc/ros2cli/install/ros2lifecycle:/home/rmc/ros2cli/install/ros2service:/home/rmc/ros2cli/install/ros2run:/home/rmc/ros2cli/install/ros2pkg:/home/rmc/ros2cli/install/ros2node:/home/rmc/ros2cli/install/ros2multicast:/home/rmc/ros2cli/install/ros2interface:/home/rmc/ros2cli/install/ros2doctor:/home/rmc/ros2cli/install/ros2action:/home/rmc/ros2cli/install/ros2cli:/opt/ros/rolling DEBUGINFOD_URLS=https://debuginfod.ubuntu.com /usr/bin/cmake --build /home/rmc/ros2cli/build/ros2lifecycle_test_fixtures -- -j32 -l32
[3.538s] DEBUG:colcon.colcon_core.event_handler.log_command:Invoking command in '/home/rmc/ros2cli/build/ros2lifecycle_test_fixtures': CMAKE_PREFIX_PATH=${CMAKE_PREFIX_PATH}:/home/rmc/ros2cli/install/ros2topic:/home/rmc/ros2cli/install/ros2component:/home/rmc/ros2cli/install/ros2param:/home/rmc/ros2cli/install/ros2lifecycle:/home/rmc/ros2cli/install/ros2service:/home/rmc/ros2cli/install/ros2run:/home/rmc/ros2cli/install/ros2pkg:/home/rmc/ros2cli/install/ros2node:/home/rmc/ros2cli/install/ros2multicast:/home/rmc/ros2cli/install/ros2interface:/home/rmc/ros2cli/install/ros2doctor:/home/rmc/ros2cli/install/ros2action:/home/rmc/ros2cli/install/ros2cli:/opt/ros/rolling DEBUGINFOD_URLS=https://debuginfod.ubuntu.com /usr/bin/cmake --install /home/rmc/ros2cli/build/ros2lifecycle_test_fixtures
[3.667s] Level 1:colcon.colcon_core.environment:create_environment_scripts_only(ros2lifecycle_test_fixtures)
[3.668s] Level 1:colcon.colcon_core.environment:checking '/home/rmc/ros2cli/install/ros2lifecycle_test_fixtures' for CMake module files
[3.668s] DEBUG:colcon.colcon_core.event_handler.log_command:Invoked command in '/home/rmc/ros2cli/build/ros2lifecycle_test_fixtures' returned '0': CMAKE_PREFIX_PATH=${CMAKE_PREFIX_PATH}:/home/rmc/ros2cli/install/ros2topic:/home/rmc/ros2cli/install/ros2component:/home/rmc/ros2cli/install/ros2param:/home/rmc/ros2cli/install/ros2lifecycle:/home/rmc/ros2cli/install/ros2service:/home/rmc/ros2cli/install/ros2run:/home/rmc/ros2cli/install/ros2pkg:/home/rmc/ros2cli/install/ros2node:/home/rmc/ros2cli/install/ros2multicast:/home/rmc/ros2cli/install/ros2interface:/home/rmc/ros2cli/install/ros2doctor:/home/rmc/ros2cli/install/ros2action:/home/rmc/ros2cli/install/ros2cli:/opt/ros/rolling DEBUGINFOD_URLS=https://debuginfod.ubuntu.com /usr/bin/cmake --install /home/rmc/ros2cli/build/ros2lifecycle_test_fixtures
[3.669s] Level 1:colcon.colcon_core.environment:checking '/home/rmc/ros2cli/install/ros2lifecycle_test_fixtures' for CMake config files
[3.669s] Level 1:colcon.colcon_core.shell:create_environment_hook('ros2lifecycle_test_fixtures', 'cmake_prefix_path')
[3.669s] INFO:colcon.colcon_core.shell:Creating environment hook '/home/rmc/ros2cli/install/ros2lifecycle_test_fixtures/share/ros2lifecycle_test_fixtures/hook/cmake_prefix_path.ps1'
[3.669s] INFO:colcon.colcon_core.shell:Creating environment descriptor '/home/rmc/ros2cli/install/ros2lifecycle_test_fixtures/share/ros2lifecycle_test_fixtures/hook/cmake_prefix_path.dsv'
[3.670s] INFO:colcon.colcon_core.shell:Creating environment hook '/home/rmc/ros2cli/install/ros2lifecycle_test_fixtures/share/ros2lifecycle_test_fixtures/hook/cmake_prefix_path.sh'
[3.670s] Level 1:colcon.colcon_core.environment:checking '/home/rmc/ros2cli/install/ros2lifecycle_test_fixtures/lib'
[3.670s] Level 1:colcon.colcon_core.environment:checking '/home/rmc/ros2cli/install/ros2lifecycle_test_fixtures/bin'
[3.670s] Level 1:colcon.colcon_core.environment:checking '/home/rmc/ros2cli/install/ros2lifecycle_test_fixtures/lib/pkgconfig/ros2lifecycle_test_fixtures.pc'
[3.670s] Level 1:colcon.colcon_core.environment:checking '/home/rmc/ros2cli/install/ros2lifecycle_test_fixtures/lib/python3.12/site-packages'
[3.670s] Level 1:colcon.colcon_core.environment:checking '/home/rmc/ros2cli/install/ros2lifecycle_test_fixtures/bin'
[3.670s] INFO:colcon.colcon_core.shell:Creating package script '/home/rmc/ros2cli/install/ros2lifecycle_test_fixtures/share/ros2lifecycle_test_fixtures/package.ps1'
[3.671s] INFO:colcon.colcon_core.shell:Creating package descriptor '/home/rmc/ros2cli/install/ros2lifecycle_test_fixtures/share/ros2lifecycle_test_fixtures/package.dsv'
[3.671s] INFO:colcon.colcon_core.shell:Creating package script '/home/rmc/ros2cli/install/ros2lifecycle_test_fixtures/share/ros2lifecycle_test_fixtures/package.sh'
[3.671s] INFO:colcon.colcon_core.shell:Creating package script '/home/rmc/ros2cli/install/ros2lifecycle_test_fixtures/share/ros2lifecycle_test_fixtures/package.bash'
[3.671s] INFO:colcon.colcon_core.shell:Creating package script '/home/rmc/ros2cli/install/ros2lifecycle_test_fixtures/share/ros2lifecycle_test_fixtures/package.zsh'
[3.671s] Level 1:colcon.colcon_core.environment:create_file_with_runtime_dependencies(/home/rmc/ros2cli/install/ros2lifecycle_test_fixtures/share/colcon-core/packages/ros2lifecycle_test_fixtures)
[3.671s] Level 1:colcon.colcon_core.environment:create_environment_scripts_only(ros2lifecycle_test_fixtures)
[3.672s] Level 1:colcon.colcon_core.environment:checking '/home/rmc/ros2cli/install/ros2lifecycle_test_fixtures' for CMake module files
[3.672s] Level 1:colcon.colcon_core.environment:checking '/home/rmc/ros2cli/install/ros2lifecycle_test_fixtures' for CMake config files
[3.672s] Level 1:colcon.colcon_core.shell:create_environment_hook('ros2lifecycle_test_fixtures', 'cmake_prefix_path')
[3.672s] INFO:colcon.colcon_core.shell:Creating environment hook '/home/rmc/ros2cli/install/ros2lifecycle_test_fixtures/share/ros2lifecycle_test_fixtures/hook/cmake_prefix_path.ps1'
[3.672s] INFO:colcon.colcon_core.shell:Creating environment descriptor '/home/rmc/ros2cli/install/ros2lifecycle_test_fixtures/share/ros2lifecycle_test_fixtures/hook/cmake_prefix_path.dsv'
[3.672s] INFO:colcon.colcon_core.shell:Creating environment hook '/home/rmc/ros2cli/install/ros2lifecycle_test_fixtures/share/ros2lifecycle_test_fixtures/hook/cmake_prefix_path.sh'
[3.673s] Level 1:colcon.colcon_core.environment:checking '/home/rmc/ros2cli/install/ros2lifecycle_test_fixtures/lib'
[3.673s] Level 1:colcon.colcon_core.environment:checking '/home/rmc/ros2cli/install/ros2lifecycle_test_fixtures/bin'
[3.673s] Level 1:colcon.colcon_core.environment:checking '/home/rmc/ros2cli/install/ros2lifecycle_test_fixtures/lib/pkgconfig/ros2lifecycle_test_fixtures.pc'
[3.673s] Level 1:colcon.colcon_core.environment:checking '/home/rmc/ros2cli/install/ros2lifecycle_test_fixtures/lib/python3.12/site-packages'
[3.673s] Level 1:colcon.colcon_core.environment:checking '/home/rmc/ros2cli/install/ros2lifecycle_test_fixtures/bin'
[3.673s] INFO:colcon.colcon_core.shell:Creating package script '/home/rmc/ros2cli/install/ros2lifecycle_test_fixtures/share/ros2lifecycle_test_fixtures/package.ps1'
[3.673s] INFO:colcon.colcon_core.shell:Creating package descriptor '/home/rmc/ros2cli/install/ros2lifecycle_test_fixtures/share/ros2lifecycle_test_fixtures/package.dsv'
[3.674s] INFO:colcon.colcon_core.shell:Creating package script '/home/rmc/ros2cli/install/ros2lifecycle_test_fixtures/share/ros2lifecycle_test_fixtures/package.sh'
[3.674s] INFO:colcon.colcon_core.shell:Creating package script '/home/rmc/ros2cli/install/ros2lifecycle_test_fixtures/share/ros2lifecycle_test_fixtures/package.bash'
[3.674s] INFO:colcon.colcon_core.shell:Creating package script '/home/rmc/ros2cli/install/ros2lifecycle_test_fixtures/share/ros2lifecycle_test_fixtures/package.zsh'
[3.674s] Level 1:colcon.colcon_core.environment:create_file_with_runtime_dependencies(/home/rmc/ros2cli/install/ros2lifecycle_test_fixtures/share/colcon-core/packages/ros2lifecycle_test_fixtures)
[3.674s] INFO:colcon.colcon_ros.task.ament_python.build:Building ROS package in '/home/rmc/ros2cli/ros2lifecycle' with build type 'ament_python'
[3.675s] Level 1:colcon.colcon_core.shell:create_environment_hook('ros2lifecycle', 'ament_prefix_path')
[3.675s] INFO:colcon.colcon_core.shell:Creating environment hook '/home/rmc/ros2cli/install/ros2lifecycle/share/ros2lifecycle/hook/ament_prefix_path.ps1'
[3.675s] INFO:colcon.colcon_core.shell:Creating environment descriptor '/home/rmc/ros2cli/install/ros2lifecycle/share/ros2lifecycle/hook/ament_prefix_path.dsv'
[3.675s] INFO:colcon.colcon_core.shell:Creating environment hook '/home/rmc/ros2cli/install/ros2lifecycle/share/ros2lifecycle/hook/ament_prefix_path.sh'
[3.676s] INFO:colcon.colcon_core.shell:Skip shell extension 'powershell' for command environment: Not usable outside of PowerShell
[3.676s] DEBUG:colcon.colcon_core.shell:Skip shell extension 'dsv' for command environment
[3.875s] INFO:colcon.colcon_core.task.python.build:Building Python package in '/home/rmc/ros2cli/ros2lifecycle'
[3.875s] INFO:colcon.colcon_core.shell:Skip shell extension 'powershell' for command environment: Not usable outside of PowerShell
[3.875s] DEBUG:colcon.colcon_core.shell:Skip shell extension 'dsv' for command environment
[3.879s] Level 1:colcon.colcon_core.shell:create_environment_hook('ros2param', 'pythonpath_develop')
[3.879s] INFO:colcon.colcon_core.shell:Creating environment hook '/home/rmc/ros2cli/build/ros2param/share/ros2param/hook/pythonpath_develop.ps1'
[3.880s] DEBUG:colcon.colcon_core.event_handler.log_command:Invoked command in '/home/rmc/ros2cli/build/ros2param' returned '0': AMENT_PREFIX_PATH=/home/rmc/ros2cli/install/ros2service:/home/rmc/ros2cli/install/ros2node:/home/rmc/ros2cli/install/ros2cli:/home/rmc/ros2cli/install/ros2topic:/home/rmc/ros2cli/install/ros2component:/home/rmc/ros2cli/install/ros2param:/home/rmc/ros2cli/install/ros2lifecycle:/home/rmc/ros2cli/install/ros2run:/home/rmc/ros2cli/install/ros2pkg:/home/rmc/ros2cli/install/ros2multicast:/home/rmc/ros2cli/install/ros2lifecycle_test_fixtures:/home/rmc/ros2cli/install/ros2interface:/home/rmc/ros2cli/install/ros2doctor:/home/rmc/ros2cli/install/ros2cli_test_interfaces:/home/rmc/ros2cli/install/ros2action:/opt/ros/rolling DEBUGINFOD_URLS=https://debuginfod.ubuntu.com PYTHONPATH=/home/rmc/ros2cli/build/ros2param/prefix_override:/usr/lib/python3/dist-packages/colcon_core/task/python/colcon_distutils_commands:/home/rmc/ros2cli/install/ros2param/lib/python3.12/site-packages:/home/rmc/ros2cli/build/ros2service:/home/rmc/ros2cli/install/ros2service/lib/python3.12/site-packages:/home/rmc/ros2cli/build/ros2node:/home/rmc/ros2cli/install/ros2node/lib/python3.12/site-packages:/home/rmc/ros2cli/build/ros2cli:/home/rmc/ros2cli/install/ros2cli/lib/python3.12/site-packages:/home/rmc/ros2cli/build/ros2topic:/home/rmc/ros2cli/install/ros2topic/lib/python3.12/site-packages:/home/rmc/ros2cli/build/ros2component:/home/rmc/ros2cli/install/ros2component/lib/python3.12/site-packages:/home/rmc/ros2cli/build/ros2param:/home/rmc/ros2cli/install/ros2param/lib/python3.12/site-packages:/home/rmc/ros2cli/build/ros2lifecycle:/home/rmc/ros2cli/install/ros2lifecycle/lib/python3.12/site-packages:/home/rmc/ros2cli/build/ros2run:/home/rmc/ros2cli/install/ros2run/lib/python3.12/site-packages:/home/rmc/ros2cli/build/ros2pkg:/home/rmc/ros2cli/install/ros2pkg/lib/python3.12/site-packages:/home/rmc/ros2cli/build/ros2multicast:/home/rmc/ros2cli/install/ros2multicast/lib/python3.12/site-packages:/home/rmc/ros2cli/build/ros2interface:/home/rmc/ros2cli/install/ros2interface/lib/python3.12/site-packages:/home/rmc/ros2cli/build/ros2doctor:/home/rmc/ros2cli/install/ros2doctor/lib/python3.12/site-packages:/home/rmc/ros2cli/install/ros2cli_test_interfaces/lib/python3.12/site-packages:/home/rmc/ros2cli/build/ros2action:/home/rmc/ros2cli/install/ros2action/lib/python3.12/site-packages:/opt/ros/rolling/lib/python3.12/site-packages /usr/bin/python3 -W ignore:setup.py install is deprecated -W ignore:easy_install command is deprecated setup.py develop --editable --build-directory /home/rmc/ros2cli/build/ros2param/build --no-deps symlink_data
[3.880s] INFO:colcon.colcon_core.shell:Creating environment descriptor '/home/rmc/ros2cli/build/ros2param/share/ros2param/hook/pythonpath_develop.dsv'
[3.880s] INFO:colcon.colcon_core.shell:Creating environment hook '/home/rmc/ros2cli/build/ros2param/share/ros2param/hook/pythonpath_develop.sh'
[3.881s] Level 1:colcon.colcon_core.environment:checking '/home/rmc/ros2cli/install/ros2param' for CMake module files
[3.881s] Level 1:colcon.colcon_core.environment:checking '/home/rmc/ros2cli/install/ros2param' for CMake config files
[3.882s] Level 1:colcon.colcon_core.environment:checking '/home/rmc/ros2cli/install/ros2param/lib'
[3.882s] Level 1:colcon.colcon_core.environment:checking '/home/rmc/ros2cli/install/ros2param/bin'
[3.882s] Level 1:colcon.colcon_core.environment:checking '/home/rmc/ros2cli/install/ros2param/lib/pkgconfig/ros2param.pc'
[3.882s] Level 1:colcon.colcon_core.environment:checking '/home/rmc/ros2cli/install/ros2param/lib/python3.12/site-packages'
[3.882s] Level 1:colcon.colcon_core.shell:create_environment_hook('ros2param', 'pythonpath')
[3.882s] INFO:colcon.colcon_core.shell:Creating environment hook '/home/rmc/ros2cli/install/ros2param/share/ros2param/hook/pythonpath.ps1'
[3.883s] INFO:colcon.colcon_core.shell:Creating environment descriptor '/home/rmc/ros2cli/install/ros2param/share/ros2param/hook/pythonpath.dsv'
[3.883s] INFO:colcon.colcon_core.shell:Creating environment hook '/home/rmc/ros2cli/install/ros2param/share/ros2param/hook/pythonpath.sh'
[3.884s] Level 1:colcon.colcon_core.environment:checking '/home/rmc/ros2cli/install/ros2param/bin'
[3.884s] Level 1:colcon.colcon_core.environment:create_environment_scripts_only(ros2param)
[3.884s] INFO:colcon.colcon_core.shell:Creating package script '/home/rmc/ros2cli/install/ros2param/share/ros2param/package.ps1'
[3.884s] INFO:colcon.colcon_core.shell:Creating package descriptor '/home/rmc/ros2cli/install/ros2param/share/ros2param/package.dsv'
[3.885s] INFO:colcon.colcon_core.shell:Creating package script '/home/rmc/ros2cli/install/ros2param/share/ros2param/package.sh'
[3.885s] INFO:colcon.colcon_core.shell:Creating package script '/home/rmc/ros2cli/install/ros2param/share/ros2param/package.bash'
[3.886s] INFO:colcon.colcon_core.shell:Creating package script '/home/rmc/ros2cli/install/ros2param/share/ros2param/package.zsh'
[3.886s] Level 1:colcon.colcon_core.environment:create_file_with_runtime_dependencies(/home/rmc/ros2cli/install/ros2param/share/colcon-core/packages/ros2param)
[3.886s] Level 1:colcon.colcon_core.shell:create_environment_hook('ros2doctor', 'pythonpath_develop')
[3.886s] INFO:colcon.colcon_core.shell:Creating environment hook '/home/rmc/ros2cli/build/ros2doctor/share/ros2doctor/hook/pythonpath_develop.ps1'
[3.887s] DEBUG:colcon.colcon_core.event_handler.log_command:Invoked command in '/home/rmc/ros2cli/build/ros2doctor' returned '0': AMENT_PREFIX_PATH=/home/rmc/ros2cli/install/ros2action:/home/rmc/ros2cli/install/ros2cli:/home/rmc/ros2cli/install/ros2topic:/home/rmc/ros2cli/install/ros2component:/home/rmc/ros2cli/install/ros2param:/home/rmc/ros2cli/install/ros2lifecycle:/home/rmc/ros2cli/install/ros2service:/home/rmc/ros2cli/install/ros2run:/home/rmc/ros2cli/install/ros2pkg:/home/rmc/ros2cli/install/ros2node:/home/rmc/ros2cli/install/ros2multicast:/home/rmc/ros2cli/install/ros2lifecycle_test_fixtures:/home/rmc/ros2cli/install/ros2interface:/home/rmc/ros2cli/install/ros2doctor:/home/rmc/ros2cli/install/ros2cli_test_interfaces:/opt/ros/rolling DEBUGINFOD_URLS=https://debuginfod.ubuntu.com PYTHONPATH=/home/rmc/ros2cli/build/ros2doctor/prefix_override:/usr/lib/python3/dist-packages/colcon_core/task/python/colcon_distutils_commands:/home/rmc/ros2cli/install/ros2doctor/lib/python3.12/site-packages:/home/rmc/ros2cli/build/ros2action:/home/rmc/ros2cli/install/ros2action/lib/python3.12/site-packages:/home/rmc/ros2cli/build/ros2cli:/home/rmc/ros2cli/install/ros2cli/lib/python3.12/site-packages:/home/rmc/ros2cli/build/ros2topic:/home/rmc/ros2cli/install/ros2topic/lib/python3.12/site-packages:/home/rmc/ros2cli/build/ros2component:/home/rmc/ros2cli/install/ros2component/lib/python3.12/site-packages:/home/rmc/ros2cli/build/ros2param:/home/rmc/ros2cli/install/ros2param/lib/python3.12/site-packages:/home/rmc/ros2cli/build/ros2lifecycle:/home/rmc/ros2cli/install/ros2lifecycle/lib/python3.12/site-packages:/home/rmc/ros2cli/build/ros2service:/home/rmc/ros2cli/install/ros2service/lib/python3.12/site-packages:/home/rmc/ros2cli/build/ros2run:/home/rmc/ros2cli/install/ros2run/lib/python3.12/site-packages:/home/rmc/ros2cli/build/ros2pkg:/home/rmc/ros2cli/install/ros2pkg/lib/python3.12/site-packages:/home/rmc/ros2cli/build/ros2node:/home/rmc/ros2cli/install/ros2node/lib/python3.12/site-packages:/home/rmc/ros2cli/build/ros2multicast:/home/rmc/ros2cli/install/ros2multicast/lib/python3.12/site-packages:/home/rmc/ros2cli/build/ros2interface:/home/rmc/ros2cli/install/ros2interface/lib/python3.12/site-packages:/home/rmc/ros2cli/build/ros2doctor:/home/rmc/ros2cli/install/ros2doctor/lib/python3.12/site-packages:/home/rmc/ros2cli/install/ros2cli_test_interfaces/lib/python3.12/site-packages:/opt/ros/rolling/lib/python3.12/site-packages /usr/bin/python3 -W ignore:setup.py install is deprecated -W ignore:easy_install command is deprecated setup.py develop --editable --build-directory /home/rmc/ros2cli/build/ros2doctor/build --no-deps symlink_data
[3.888s] INFO:colcon.colcon_core.shell:Creating environment descriptor '/home/rmc/ros2cli/build/ros2doctor/share/ros2doctor/hook/pythonpath_develop.dsv'
[3.888s] INFO:colcon.colcon_core.shell:Creating environment hook '/home/rmc/ros2cli/build/ros2doctor/share/ros2doctor/hook/pythonpath_develop.sh'
[3.889s] Level 1:colcon.colcon_core.environment:checking '/home/rmc/ros2cli/install/ros2doctor' for CMake module files
[3.889s] Level 1:colcon.colcon_core.environment:checking '/home/rmc/ros2cli/install/ros2doctor' for CMake config files
[3.890s] Level 1:colcon.colcon_core.environment:checking '/home/rmc/ros2cli/install/ros2doctor/lib'
[3.890s] Level 1:colcon.colcon_core.environment:checking '/home/rmc/ros2cli/install/ros2doctor/bin'
[3.890s] Level 1:colcon.colcon_core.environment:checking '/home/rmc/ros2cli/install/ros2doctor/lib/pkgconfig/ros2doctor.pc'
[3.890s] Level 1:colcon.colcon_core.environment:checking '/home/rmc/ros2cli/install/ros2doctor/lib/python3.12/site-packages'
[3.890s] Level 1:colcon.colcon_core.shell:create_environment_hook('ros2doctor', 'pythonpath')
[3.890s] INFO:colcon.colcon_core.shell:Creating environment hook '/home/rmc/ros2cli/install/ros2doctor/share/ros2doctor/hook/pythonpath.ps1'
[3.891s] INFO:colcon.colcon_core.shell:Creating environment descriptor '/home/rmc/ros2cli/install/ros2doctor/share/ros2doctor/hook/pythonpath.dsv'
[3.891s] INFO:colcon.colcon_core.shell:Creating environment hook '/home/rmc/ros2cli/install/ros2doctor/share/ros2doctor/hook/pythonpath.sh'
[3.892s] Level 1:colcon.colcon_core.environment:checking '/home/rmc/ros2cli/install/ros2doctor/bin'
[3.892s] Level 1:colcon.colcon_core.environment:create_environment_scripts_only(ros2doctor)
[3.892s] INFO:colcon.colcon_core.shell:Creating package script '/home/rmc/ros2cli/install/ros2doctor/share/ros2doctor/package.ps1'
[3.893s] INFO:colcon.colcon_core.shell:Creating package descriptor '/home/rmc/ros2cli/install/ros2doctor/share/ros2doctor/package.dsv'
[3.893s] INFO:colcon.colcon_core.shell:Creating package script '/home/rmc/ros2cli/install/ros2doctor/share/ros2doctor/package.sh'
[3.894s] INFO:colcon.colcon_core.shell:Creating package script '/home/rmc/ros2cli/install/ros2doctor/share/ros2doctor/package.bash'
[3.894s] INFO:colcon.colcon_core.shell:Creating package script '/home/rmc/ros2cli/install/ros2doctor/share/ros2doctor/package.zsh'
[3.894s] Level 1:colcon.colcon_core.environment:create_file_with_runtime_dependencies(/home/rmc/ros2cli/install/ros2doctor/share/colcon-core/packages/ros2doctor)
[3.895s] INFO:colcon.colcon_ros.task.ament_python.build:Building ROS package in '/home/rmc/ros2cli/ros2component' with build type 'ament_python'
[3.895s] Level 1:colcon.colcon_core.shell:create_environment_hook('ros2component', 'ament_prefix_path')
[3.895s] INFO:colcon.colcon_core.shell:Creating environment hook '/home/rmc/ros2cli/install/ros2component/share/ros2component/hook/ament_prefix_path.ps1'
[3.896s] INFO:colcon.colcon_core.shell:Creating environment descriptor '/home/rmc/ros2cli/install/ros2component/share/ros2component/hook/ament_prefix_path.dsv'
[3.896s] INFO:colcon.colcon_core.shell:Creating environment hook '/home/rmc/ros2cli/install/ros2component/share/ros2component/hook/ament_prefix_path.sh'
[3.897s] INFO:colcon.colcon_core.shell:Skip shell extension 'powershell' for command environment: Not usable outside of PowerShell
[3.897s] DEBUG:colcon.colcon_core.shell:Skip shell extension 'dsv' for command environment
[4.186s] INFO:colcon.colcon_core.task.python.build:Building Python package in '/home/rmc/ros2cli/ros2component'
[4.186s] INFO:colcon.colcon_core.shell:Skip shell extension 'powershell' for command environment: Not usable outside of PowerShell
[4.186s] DEBUG:colcon.colcon_core.shell:Skip shell extension 'dsv' for command environment
[4.441s] DEBUG:colcon.colcon_core.event_handler.log_command:Invoking command in '/home/rmc/ros2cli/build/ros2lifecycle': AMENT_PREFIX_PATH=/home/rmc/ros2cli/install/ros2service:/home/rmc/ros2cli/install/ros2node:/home/rmc/ros2cli/install/ros2cli:/home/rmc/ros2cli/install/ros2topic:/home/rmc/ros2cli/install/ros2component:/home/rmc/ros2cli/install/ros2param:/home/rmc/ros2cli/install/ros2lifecycle:/home/rmc/ros2cli/install/ros2run:/home/rmc/ros2cli/install/ros2pkg:/home/rmc/ros2cli/install/ros2multicast:/home/rmc/ros2cli/install/ros2lifecycle_test_fixtures:/home/rmc/ros2cli/install/ros2interface:/home/rmc/ros2cli/install/ros2doctor:/home/rmc/ros2cli/install/ros2cli_test_interfaces:/home/rmc/ros2cli/install/ros2action:/opt/ros/rolling DEBUGINFOD_URLS=https://debuginfod.ubuntu.com PYTHONPATH=/home/rmc/ros2cli/build/ros2lifecycle/prefix_override:/usr/lib/python3/dist-packages/colcon_core/task/python/colcon_distutils_commands:/home/rmc/ros2cli/install/ros2lifecycle/lib/python3.12/site-packages:/home/rmc/ros2cli/build/ros2service:/home/rmc/ros2cli/install/ros2service/lib/python3.12/site-packages:/home/rmc/ros2cli/build/ros2node:/home/rmc/ros2cli/install/ros2node/lib/python3.12/site-packages:/home/rmc/ros2cli/build/ros2cli:/home/rmc/ros2cli/install/ros2cli/lib/python3.12/site-packages:/home/rmc/ros2cli/build/ros2topic:/home/rmc/ros2cli/install/ros2topic/lib/python3.12/site-packages:/home/rmc/ros2cli/build/ros2component:/home/rmc/ros2cli/install/ros2component/lib/python3.12/site-packages:/home/rmc/ros2cli/build/ros2param:/home/rmc/ros2cli/install/ros2param/lib/python3.12/site-packages:/home/rmc/ros2cli/build/ros2lifecycle:/home/rmc/ros2cli/install/ros2lifecycle/lib/python3.12/site-packages:/home/rmc/ros2cli/build/ros2run:/home/rmc/ros2cli/install/ros2run/lib/python3.12/site-packages:/home/rmc/ros2cli/build/ros2pkg:/home/rmc/ros2cli/install/ros2pkg/lib/python3.12/site-packages:/home/rmc/ros2cli/build/ros2multicast:/home/rmc/ros2cli/install/ros2multicast/lib/python3.12/site-packages:/home/rmc/ros2cli/build/ros2interface:/home/rmc/ros2cli/install/ros2interface/lib/python3.12/site-packages:/home/rmc/ros2cli/build/ros2doctor:/home/rmc/ros2cli/install/ros2doctor/lib/python3.12/site-packages:/home/rmc/ros2cli/install/ros2cli_test_interfaces/lib/python3.12/site-packages:/home/rmc/ros2cli/build/ros2action:/home/rmc/ros2cli/install/ros2action/lib/python3.12/site-packages:/opt/ros/rolling/lib/python3.12/site-packages /usr/bin/python3 -W ignore:setup.py install is deprecated -W ignore:easy_install command is deprecated setup.py develop --editable --build-directory /home/rmc/ros2cli/build/ros2lifecycle/build --no-deps symlink_data
[4.557s] DEBUG:colcon.colcon_core.event_handler.log_command:Invoking command in '/home/rmc/ros2cli/build/ros2component': AMENT_PREFIX_PATH=/home/rmc/ros2cli/install/ros2param:/home/rmc/ros2cli/install/ros2service:/home/rmc/ros2cli/install/ros2pkg:/home/rmc/ros2cli/install/ros2node:/home/rmc/ros2cli/install/ros2cli:/home/rmc/ros2cli/install/ros2topic:/home/rmc/ros2cli/install/ros2component:/home/rmc/ros2cli/install/ros2lifecycle:/home/rmc/ros2cli/install/ros2run:/home/rmc/ros2cli/install/ros2multicast:/home/rmc/ros2cli/install/ros2lifecycle_test_fixtures:/home/rmc/ros2cli/install/ros2interface:/home/rmc/ros2cli/install/ros2doctor:/home/rmc/ros2cli/install/ros2cli_test_interfaces:/home/rmc/ros2cli/install/ros2action:/opt/ros/rolling DEBUGINFOD_URLS=https://debuginfod.ubuntu.com PYTHONPATH=/home/rmc/ros2cli/build/ros2component/prefix_override:/usr/lib/python3/dist-packages/colcon_core/task/python/colcon_distutils_commands:/home/rmc/ros2cli/install/ros2component/lib/python3.12/site-packages:/home/rmc/ros2cli/build/ros2param:/home/rmc/ros2cli/install/ros2param/lib/python3.12/site-packages:/home/rmc/ros2cli/build/ros2service:/home/rmc/ros2cli/install/ros2service/lib/python3.12/site-packages:/home/rmc/ros2cli/build/ros2pkg:/home/rmc/ros2cli/install/ros2pkg/lib/python3.12/site-packages:/home/rmc/ros2cli/build/ros2node:/home/rmc/ros2cli/install/ros2node/lib/python3.12/site-packages:/home/rmc/ros2cli/build/ros2cli:/home/rmc/ros2cli/install/ros2cli/lib/python3.12/site-packages:/home/rmc/ros2cli/build/ros2topic:/home/rmc/ros2cli/install/ros2topic/lib/python3.12/site-packages:/home/rmc/ros2cli/build/ros2component:/home/rmc/ros2cli/install/ros2component/lib/python3.12/site-packages:/home/rmc/ros2cli/build/ros2lifecycle:/home/rmc/ros2cli/install/ros2lifecycle/lib/python3.12/site-packages:/home/rmc/ros2cli/build/ros2run:/home/rmc/ros2cli/install/ros2run/lib/python3.12/site-packages:/home/rmc/ros2cli/build/ros2multicast:/home/rmc/ros2cli/install/ros2multicast/lib/python3.12/site-packages:/home/rmc/ros2cli/build/ros2interface:/home/rmc/ros2cli/install/ros2interface/lib/python3.12/site-packages:/home/rmc/ros2cli/build/ros2doctor:/home/rmc/ros2cli/install/ros2doctor/lib/python3.12/site-packages:/home/rmc/ros2cli/install/ros2cli_test_interfaces/lib/python3.12/site-packages:/home/rmc/ros2cli/build/ros2action:/home/rmc/ros2cli/install/ros2action/lib/python3.12/site-packages:/opt/ros/rolling/lib/python3.12/site-packages /usr/bin/python3 -W ignore:setup.py install is deprecated -W ignore:easy_install command is deprecated setup.py develop --editable --build-directory /home/rmc/ros2cli/build/ros2component/build --no-deps symlink_data
[4.821s] Level 1:colcon.colcon_core.shell:create_environment_hook('ros2lifecycle', 'pythonpath_develop')
[4.821s] INFO:colcon.colcon_core.shell:Creating environment hook '/home/rmc/ros2cli/build/ros2lifecycle/share/ros2lifecycle/hook/pythonpath_develop.ps1'
[4.821s] DEBUG:colcon.colcon_core.event_handler.log_command:Invoked command in '/home/rmc/ros2cli/build/ros2lifecycle' returned '0': AMENT_PREFIX_PATH=/home/rmc/ros2cli/install/ros2service:/home/rmc/ros2cli/install/ros2node:/home/rmc/ros2cli/install/ros2cli:/home/rmc/ros2cli/install/ros2topic:/home/rmc/ros2cli/install/ros2component:/home/rmc/ros2cli/install/ros2param:/home/rmc/ros2cli/install/ros2lifecycle:/home/rmc/ros2cli/install/ros2run:/home/rmc/ros2cli/install/ros2pkg:/home/rmc/ros2cli/install/ros2multicast:/home/rmc/ros2cli/install/ros2lifecycle_test_fixtures:/home/rmc/ros2cli/install/ros2interface:/home/rmc/ros2cli/install/ros2doctor:/home/rmc/ros2cli/install/ros2cli_test_interfaces:/home/rmc/ros2cli/install/ros2action:/opt/ros/rolling DEBUGINFOD_URLS=https://debuginfod.ubuntu.com PYTHONPATH=/home/rmc/ros2cli/build/ros2lifecycle/prefix_override:/usr/lib/python3/dist-packages/colcon_core/task/python/colcon_distutils_commands:/home/rmc/ros2cli/install/ros2lifecycle/lib/python3.12/site-packages:/home/rmc/ros2cli/build/ros2service:/home/rmc/ros2cli/install/ros2service/lib/python3.12/site-packages:/home/rmc/ros2cli/build/ros2node:/home/rmc/ros2cli/install/ros2node/lib/python3.12/site-packages:/home/rmc/ros2cli/build/ros2cli:/home/rmc/ros2cli/install/ros2cli/lib/python3.12/site-packages:/home/rmc/ros2cli/build/ros2topic:/home/rmc/ros2cli/install/ros2topic/lib/python3.12/site-packages:/home/rmc/ros2cli/build/ros2component:/home/rmc/ros2cli/install/ros2component/lib/python3.12/site-packages:/home/rmc/ros2cli/build/ros2param:/home/rmc/ros2cli/install/ros2param/lib/python3.12/site-packages:/home/rmc/ros2cli/build/ros2lifecycle:/home/rmc/ros2cli/install/ros2lifecycle/lib/python3.12/site-packages:/home/rmc/ros2cli/build/ros2run:/home/rmc/ros2cli/install/ros2run/lib/python3.12/site-packages:/home/rmc/ros2cli/build/ros2pkg:/home/rmc/ros2cli/install/ros2pkg/lib/python3.12/site-packages:/home/rmc/ros2cli/build/ros2multicast:/home/rmc/ros2cli/install/ros2multicast/lib/python3.12/site-packages:/home/rmc/ros2cli/build/ros2interface:/home/rmc/ros2cli/install/ros2interface/lib/python3.12/site-packages:/home/rmc/ros2cli/build/ros2doctor:/home/rmc/ros2cli/install/ros2doctor/lib/python3.12/site-packages:/home/rmc/ros2cli/install/ros2cli_test_interfaces/lib/python3.12/site-packages:/home/rmc/ros2cli/build/ros2action:/home/rmc/ros2cli/install/ros2action/lib/python3.12/site-packages:/opt/ros/rolling/lib/python3.12/site-packages /usr/bin/python3 -W ignore:setup.py install is deprecated -W ignore:easy_install command is deprecated setup.py develop --editable --build-directory /home/rmc/ros2cli/build/ros2lifecycle/build --no-deps symlink_data
[4.821s] INFO:colcon.colcon_core.shell:Creating environment descriptor '/home/rmc/ros2cli/build/ros2lifecycle/share/ros2lifecycle/hook/pythonpath_develop.dsv'
[4.821s] INFO:colcon.colcon_core.shell:Creating environment hook '/home/rmc/ros2cli/build/ros2lifecycle/share/ros2lifecycle/hook/pythonpath_develop.sh'
[4.822s] Level 1:colcon.colcon_core.environment:checking '/home/rmc/ros2cli/install/ros2lifecycle' for CMake module files
[4.822s] Level 1:colcon.colcon_core.environment:checking '/home/rmc/ros2cli/install/ros2lifecycle' for CMake config files
[4.822s] Level 1:colcon.colcon_core.environment:checking '/home/rmc/ros2cli/install/ros2lifecycle/lib'
[4.822s] Level 1:colcon.colcon_core.environment:checking '/home/rmc/ros2cli/install/ros2lifecycle/bin'
[4.822s] Level 1:colcon.colcon_core.environment:checking '/home/rmc/ros2cli/install/ros2lifecycle/lib/pkgconfig/ros2lifecycle.pc'
[4.822s] Level 1:colcon.colcon_core.environment:checking '/home/rmc/ros2cli/install/ros2lifecycle/lib/python3.12/site-packages'
[4.822s] Level 1:colcon.colcon_core.shell:create_environment_hook('ros2lifecycle', 'pythonpath')
[4.822s] INFO:colcon.colcon_core.shell:Creating environment hook '/home/rmc/ros2cli/install/ros2lifecycle/share/ros2lifecycle/hook/pythonpath.ps1'
[4.823s] INFO:colcon.colcon_core.shell:Creating environment descriptor '/home/rmc/ros2cli/install/ros2lifecycle/share/ros2lifecycle/hook/pythonpath.dsv'
[4.823s] INFO:colcon.colcon_core.shell:Creating environment hook '/home/rmc/ros2cli/install/ros2lifecycle/share/ros2lifecycle/hook/pythonpath.sh'
[4.823s] Level 1:colcon.colcon_core.environment:checking '/home/rmc/ros2cli/install/ros2lifecycle/bin'
[4.823s] Level 1:colcon.colcon_core.environment:create_environment_scripts_only(ros2lifecycle)
[4.823s] INFO:colcon.colcon_core.shell:Creating package script '/home/rmc/ros2cli/install/ros2lifecycle/share/ros2lifecycle/package.ps1'
[4.824s] INFO:colcon.colcon_core.shell:Creating package descriptor '/home/rmc/ros2cli/install/ros2lifecycle/share/ros2lifecycle/package.dsv'
[4.824s] INFO:colcon.colcon_core.shell:Creating package script '/home/rmc/ros2cli/install/ros2lifecycle/share/ros2lifecycle/package.sh'
[4.824s] INFO:colcon.colcon_core.shell:Creating package script '/home/rmc/ros2cli/install/ros2lifecycle/share/ros2lifecycle/package.bash'
[4.824s] INFO:colcon.colcon_core.shell:Creating package script '/home/rmc/ros2cli/install/ros2lifecycle/share/ros2lifecycle/package.zsh'
[4.824s] Level 1:colcon.colcon_core.environment:create_file_with_runtime_dependencies(/home/rmc/ros2cli/install/ros2lifecycle/share/colcon-core/packages/ros2lifecycle)
[4.958s] Level 1:colcon.colcon_core.shell:create_environment_hook('ros2component', 'pythonpath_develop')
[4.959s] INFO:colcon.colcon_core.shell:Creating environment hook '/home/rmc/ros2cli/build/ros2component/share/ros2component/hook/pythonpath_develop.ps1'
[4.959s] DEBUG:colcon.colcon_core.event_handler.log_command:Invoked command in '/home/rmc/ros2cli/build/ros2component' returned '0': AMENT_PREFIX_PATH=/home/rmc/ros2cli/install/ros2param:/home/rmc/ros2cli/install/ros2service:/home/rmc/ros2cli/install/ros2pkg:/home/rmc/ros2cli/install/ros2node:/home/rmc/ros2cli/install/ros2cli:/home/rmc/ros2cli/install/ros2topic:/home/rmc/ros2cli/install/ros2component:/home/rmc/ros2cli/install/ros2lifecycle:/home/rmc/ros2cli/install/ros2run:/home/rmc/ros2cli/install/ros2multicast:/home/rmc/ros2cli/install/ros2lifecycle_test_fixtures:/home/rmc/ros2cli/install/ros2interface:/home/rmc/ros2cli/install/ros2doctor:/home/rmc/ros2cli/install/ros2cli_test_interfaces:/home/rmc/ros2cli/install/ros2action:/opt/ros/rolling DEBUGINFOD_URLS=https://debuginfod.ubuntu.com PYTHONPATH=/home/rmc/ros2cli/build/ros2component/prefix_override:/usr/lib/python3/dist-packages/colcon_core/task/python/colcon_distutils_commands:/home/rmc/ros2cli/install/ros2component/lib/python3.12/site-packages:/home/rmc/ros2cli/build/ros2param:/home/rmc/ros2cli/install/ros2param/lib/python3.12/site-packages:/home/rmc/ros2cli/build/ros2service:/home/rmc/ros2cli/install/ros2service/lib/python3.12/site-packages:/home/rmc/ros2cli/build/ros2pkg:/home/rmc/ros2cli/install/ros2pkg/lib/python3.12/site-packages:/home/rmc/ros2cli/build/ros2node:/home/rmc/ros2cli/install/ros2node/lib/python3.12/site-packages:/home/rmc/ros2cli/build/ros2cli:/home/rmc/ros2cli/install/ros2cli/lib/python3.12/site-packages:/home/rmc/ros2cli/build/ros2topic:/home/rmc/ros2cli/install/ros2topic/lib/python3.12/site-packages:/home/rmc/ros2cli/build/ros2component:/home/rmc/ros2cli/install/ros2component/lib/python3.12/site-packages:/home/rmc/ros2cli/build/ros2lifecycle:/home/rmc/ros2cli/install/ros2lifecycle/lib/python3.12/site-packages:/home/rmc/ros2cli/build/ros2run:/home/rmc/ros2cli/install/ros2run/lib/python3.12/site-packages:/home/rmc/ros2cli/build/ros2multicast:/home/rmc/ros2cli/install/ros2multicast/lib/python3.12/site-packages:/home/rmc/ros2cli/build/ros2interface:/home/rmc/ros2cli/install/ros2interface/lib/python3.12/site-packages:/home/rmc/ros2cli/build/ros2doctor:/home/rmc/ros2cli/install/ros2doctor/lib/python3.12/site-packages:/home/rmc/ros2cli/install/ros2cli_test_interfaces/lib/python3.12/site-packages:/home/rmc/ros2cli/build/ros2action:/home/rmc/ros2cli/install/ros2action/lib/python3.12/site-packages:/opt/ros/rolling/lib/python3.12/site-packages /usr/bin/python3 -W ignore:setup.py install is deprecated -W ignore:easy_install command is deprecated setup.py develop --editable --build-directory /home/rmc/ros2cli/build/ros2component/build --no-deps symlink_data
[4.959s] INFO:colcon.colcon_core.shell:Creating environment descriptor '/home/rmc/ros2cli/build/ros2component/share/ros2component/hook/pythonpath_develop.dsv'
[4.959s] INFO:colcon.colcon_core.shell:Creating environment hook '/home/rmc/ros2cli/build/ros2component/share/ros2component/hook/pythonpath_develop.sh'
[4.960s] Level 1:colcon.colcon_core.environment:checking '/home/rmc/ros2cli/install/ros2component' for CMake module files
[4.960s] Level 1:colcon.colcon_core.environment:checking '/home/rmc/ros2cli/install/ros2component' for CMake config files
[4.960s] Level 1:colcon.colcon_core.environment:checking '/home/rmc/ros2cli/install/ros2component/lib'
[4.960s] Level 1:colcon.colcon_core.environment:checking '/home/rmc/ros2cli/install/ros2component/bin'
[4.960s] Level 1:colcon.colcon_core.environment:checking '/home/rmc/ros2cli/install/ros2component/lib/pkgconfig/ros2component.pc'
[4.960s] Level 1:colcon.colcon_core.environment:checking '/home/rmc/ros2cli/install/ros2component/lib/python3.12/site-packages'
[4.960s] Level 1:colcon.colcon_core.shell:create_environment_hook('ros2component', 'pythonpath')
[4.960s] INFO:colcon.colcon_core.shell:Creating environment hook '/home/rmc/ros2cli/install/ros2component/share/ros2component/hook/pythonpath.ps1'
[4.960s] INFO:colcon.colcon_core.shell:Creating environment descriptor '/home/rmc/ros2cli/install/ros2component/share/ros2component/hook/pythonpath.dsv'
[4.961s] INFO:colcon.colcon_core.shell:Creating environment hook '/home/rmc/ros2cli/install/ros2component/share/ros2component/hook/pythonpath.sh'
[4.961s] Level 1:colcon.colcon_core.environment:checking '/home/rmc/ros2cli/install/ros2component/bin'
[4.961s] Level 1:colcon.colcon_core.environment:create_environment_scripts_only(ros2component)
[4.961s] INFO:colcon.colcon_core.shell:Creating package script '/home/rmc/ros2cli/install/ros2component/share/ros2component/package.ps1'
[4.961s] INFO:colcon.colcon_core.shell:Creating package descriptor '/home/rmc/ros2cli/install/ros2component/share/ros2component/package.dsv'
[4.961s] INFO:colcon.colcon_core.shell:Creating package script '/home/rmc/ros2cli/install/ros2component/share/ros2component/package.sh'
[4.962s] INFO:colcon.colcon_core.shell:Creating package script '/home/rmc/ros2cli/install/ros2component/share/ros2component/package.bash'
[4.962s] INFO:colcon.colcon_core.shell:Creating package script '/home/rmc/ros2cli/install/ros2component/share/ros2component/package.zsh'
[4.962s] Level 1:colcon.colcon_core.environment:create_file_with_runtime_dependencies(/home/rmc/ros2cli/install/ros2component/share/colcon-core/packages/ros2component)
[5.534s] DEBUG:colcon.colcon_core.event_handler.log_command:Invoked command in '/home/rmc/ros2cli/build/ros2cli_test_interfaces' returned '0': CMAKE_PREFIX_PATH=${CMAKE_PREFIX_PATH}:/home/rmc/ros2cli/install/ros2topic:/home/rmc/ros2cli/install/ros2component:/home/rmc/ros2cli/install/ros2param:/home/rmc/ros2cli/install/ros2lifecycle:/home/rmc/ros2cli/install/ros2service:/home/rmc/ros2cli/install/ros2run:/home/rmc/ros2cli/install/ros2pkg:/home/rmc/ros2cli/install/ros2node:/home/rmc/ros2cli/install/ros2multicast:/home/rmc/ros2cli/install/ros2interface:/home/rmc/ros2cli/install/ros2doctor:/home/rmc/ros2cli/install/ros2action:/home/rmc/ros2cli/install/ros2cli:/opt/ros/rolling DEBUGINFOD_URLS=https://debuginfod.ubuntu.com /usr/bin/cmake --build /home/rmc/ros2cli/build/ros2cli_test_interfaces -- -j32 -l32
[5.536s] DEBUG:colcon.colcon_core.event_handler.log_command:Invoking command in '/home/rmc/ros2cli/build/ros2cli_test_interfaces': CMAKE_PREFIX_PATH=${CMAKE_PREFIX_PATH}:/home/rmc/ros2cli/install/ros2topic:/home/rmc/ros2cli/install/ros2component:/home/rmc/ros2cli/install/ros2param:/home/rmc/ros2cli/install/ros2lifecycle:/home/rmc/ros2cli/install/ros2service:/home/rmc/ros2cli/install/ros2run:/home/rmc/ros2cli/install/ros2pkg:/home/rmc/ros2cli/install/ros2node:/home/rmc/ros2cli/install/ros2multicast:/home/rmc/ros2cli/install/ros2interface:/home/rmc/ros2cli/install/ros2doctor:/home/rmc/ros2cli/install/ros2action:/home/rmc/ros2cli/install/ros2cli:/opt/ros/rolling DEBUGINFOD_URLS=https://debuginfod.ubuntu.com /usr/bin/cmake --install /home/rmc/ros2cli/build/ros2cli_test_interfaces
[6.478s] Level 1:colcon.colcon_core.environment:create_environment_scripts_only(ros2cli_test_interfaces)
[6.478s] Level 1:colcon.colcon_core.environment:checking '/home/rmc/ros2cli/install/ros2cli_test_interfaces' for CMake module files
[6.478s] DEBUG:colcon.colcon_core.event_handler.log_command:Invoked command in '/home/rmc/ros2cli/build/ros2cli_test_interfaces' returned '0': CMAKE_PREFIX_PATH=${CMAKE_PREFIX_PATH}:/home/rmc/ros2cli/install/ros2topic:/home/rmc/ros2cli/install/ros2component:/home/rmc/ros2cli/install/ros2param:/home/rmc/ros2cli/install/ros2lifecycle:/home/rmc/ros2cli/install/ros2service:/home/rmc/ros2cli/install/ros2run:/home/rmc/ros2cli/install/ros2pkg:/home/rmc/ros2cli/install/ros2node:/home/rmc/ros2cli/install/ros2multicast:/home/rmc/ros2cli/install/ros2interface:/home/rmc/ros2cli/install/ros2doctor:/home/rmc/ros2cli/install/ros2action:/home/rmc/ros2cli/install/ros2cli:/opt/ros/rolling DEBUGINFOD_URLS=https://debuginfod.ubuntu.com /usr/bin/cmake --install /home/rmc/ros2cli/build/ros2cli_test_interfaces
[6.479s] Level 1:colcon.colcon_core.environment:checking '/home/rmc/ros2cli/install/ros2cli_test_interfaces' for CMake config files
[6.479s] Level 1:colcon.colcon_core.shell:create_environment_hook('ros2cli_test_interfaces', 'cmake_prefix_path')
[6.480s] INFO:colcon.colcon_core.shell:Creating environment hook '/home/rmc/ros2cli/install/ros2cli_test_interfaces/share/ros2cli_test_interfaces/hook/cmake_prefix_path.ps1'
[6.480s] INFO:colcon.colcon_core.shell:Creating environment descriptor '/home/rmc/ros2cli/install/ros2cli_test_interfaces/share/ros2cli_test_interfaces/hook/cmake_prefix_path.dsv'
[6.480s] INFO:colcon.colcon_core.shell:Creating environment hook '/home/rmc/ros2cli/install/ros2cli_test_interfaces/share/ros2cli_test_interfaces/hook/cmake_prefix_path.sh'
[6.481s] Level 1:colcon.colcon_core.environment:checking '/home/rmc/ros2cli/install/ros2cli_test_interfaces/lib'
[6.481s] Level 1:colcon.colcon_core.shell:create_environment_hook('ros2cli_test_interfaces', 'ld_library_path_lib')
[6.481s] INFO:colcon.colcon_core.shell:Creating environment hook '/home/rmc/ros2cli/install/ros2cli_test_interfaces/share/ros2cli_test_interfaces/hook/ld_library_path_lib.ps1'
[6.481s] INFO:colcon.colcon_core.shell:Creating environment descriptor '/home/rmc/ros2cli/install/ros2cli_test_interfaces/share/ros2cli_test_interfaces/hook/ld_library_path_lib.dsv'
[6.481s] INFO:colcon.colcon_core.shell:Creating environment hook '/home/rmc/ros2cli/install/ros2cli_test_interfaces/share/ros2cli_test_interfaces/hook/ld_library_path_lib.sh'
[6.482s] Level 1:colcon.colcon_core.environment:checking '/home/rmc/ros2cli/install/ros2cli_test_interfaces/bin'
[6.482s] Level 1:colcon.colcon_core.environment:checking '/home/rmc/ros2cli/install/ros2cli_test_interfaces/lib/pkgconfig/ros2cli_test_interfaces.pc'
[6.482s] Level 1:colcon.colcon_core.environment:checking '/home/rmc/ros2cli/install/ros2cli_test_interfaces/lib/python3.12/site-packages'
[6.482s] Level 1:colcon.colcon_core.shell:create_environment_hook('ros2cli_test_interfaces', 'pythonpath')
[6.482s] INFO:colcon.colcon_core.shell:Creating environment hook '/home/rmc/ros2cli/install/ros2cli_test_interfaces/share/ros2cli_test_interfaces/hook/pythonpath.ps1'
[6.482s] INFO:colcon.colcon_core.shell:Creating environment descriptor '/home/rmc/ros2cli/install/ros2cli_test_interfaces/share/ros2cli_test_interfaces/hook/pythonpath.dsv'
[6.482s] INFO:colcon.colcon_core.shell:Creating environment hook '/home/rmc/ros2cli/install/ros2cli_test_interfaces/share/ros2cli_test_interfaces/hook/pythonpath.sh'
[6.483s] Level 1:colcon.colcon_core.environment:checking '/home/rmc/ros2cli/install/ros2cli_test_interfaces/bin'
[6.483s] INFO:colcon.colcon_core.shell:Creating package script '/home/rmc/ros2cli/install/ros2cli_test_interfaces/share/ros2cli_test_interfaces/package.ps1'
[6.483s] INFO:colcon.colcon_core.shell:Creating package descriptor '/home/rmc/ros2cli/install/ros2cli_test_interfaces/share/ros2cli_test_interfaces/package.dsv'
[6.484s] INFO:colcon.colcon_core.shell:Creating package script '/home/rmc/ros2cli/install/ros2cli_test_interfaces/share/ros2cli_test_interfaces/package.sh'
[6.484s] INFO:colcon.colcon_core.shell:Creating package script '/home/rmc/ros2cli/install/ros2cli_test_interfaces/share/ros2cli_test_interfaces/package.bash'
[6.484s] INFO:colcon.colcon_core.shell:Creating package script '/home/rmc/ros2cli/install/ros2cli_test_interfaces/share/ros2cli_test_interfaces/package.zsh'
[6.484s] Level 1:colcon.colcon_core.environment:create_file_with_runtime_dependencies(/home/rmc/ros2cli/install/ros2cli_test_interfaces/share/colcon-core/packages/ros2cli_test_interfaces)
[6.485s] Level 1:colcon.colcon_core.environment:create_environment_scripts_only(ros2cli_test_interfaces)
[6.485s] Level 1:colcon.colcon_core.environment:checking '/home/rmc/ros2cli/install/ros2cli_test_interfaces' for CMake module files
[6.486s] Level 1:colcon.colcon_core.environment:checking '/home/rmc/ros2cli/install/ros2cli_test_interfaces' for CMake config files
[6.486s] Level 1:colcon.colcon_core.shell:create_environment_hook('ros2cli_test_interfaces', 'cmake_prefix_path')
[6.486s] INFO:colcon.colcon_core.shell:Creating environment hook '/home/rmc/ros2cli/install/ros2cli_test_interfaces/share/ros2cli_test_interfaces/hook/cmake_prefix_path.ps1'
[6.487s] INFO:colcon.colcon_core.shell:Creating environment descriptor '/home/rmc/ros2cli/install/ros2cli_test_interfaces/share/ros2cli_test_interfaces/hook/cmake_prefix_path.dsv'
[6.487s] INFO:colcon.colcon_core.shell:Creating environment hook '/home/rmc/ros2cli/install/ros2cli_test_interfaces/share/ros2cli_test_interfaces/hook/cmake_prefix_path.sh'
[6.487s] Level 1:colcon.colcon_core.environment:checking '/home/rmc/ros2cli/install/ros2cli_test_interfaces/lib'
[6.487s] Level 1:colcon.colcon_core.shell:create_environment_hook('ros2cli_test_interfaces', 'ld_library_path_lib')
[6.487s] INFO:colcon.colcon_core.shell:Creating environment hook '/home/rmc/ros2cli/install/ros2cli_test_interfaces/share/ros2cli_test_interfaces/hook/ld_library_path_lib.ps1'
[6.488s] INFO:colcon.colcon_core.shell:Creating environment descriptor '/home/rmc/ros2cli/install/ros2cli_test_interfaces/share/ros2cli_test_interfaces/hook/ld_library_path_lib.dsv'
[6.488s] INFO:colcon.colcon_core.shell:Creating environment hook '/home/rmc/ros2cli/install/ros2cli_test_interfaces/share/ros2cli_test_interfaces/hook/ld_library_path_lib.sh'
[6.488s] Level 1:colcon.colcon_core.environment:checking '/home/rmc/ros2cli/install/ros2cli_test_interfaces/bin'
[6.488s] Level 1:colcon.colcon_core.environment:checking '/home/rmc/ros2cli/install/ros2cli_test_interfaces/lib/pkgconfig/ros2cli_test_interfaces.pc'
[6.488s] Level 1:colcon.colcon_core.environment:checking '/home/rmc/ros2cli/install/ros2cli_test_interfaces/lib/python3.12/site-packages'
[6.488s] Level 1:colcon.colcon_core.shell:create_environment_hook('ros2cli_test_interfaces', 'pythonpath')
[6.489s] INFO:colcon.colcon_core.shell:Creating environment hook '/home/rmc/ros2cli/install/ros2cli_test_interfaces/share/ros2cli_test_interfaces/hook/pythonpath.ps1'
[6.489s] INFO:colcon.colcon_core.shell:Creating environment descriptor '/home/rmc/ros2cli/install/ros2cli_test_interfaces/share/ros2cli_test_interfaces/hook/pythonpath.dsv'
[6.489s] INFO:colcon.colcon_core.shell:Creating environment hook '/home/rmc/ros2cli/install/ros2cli_test_interfaces/share/ros2cli_test_interfaces/hook/pythonpath.sh'
[6.489s] Level 1:colcon.colcon_core.environment:checking '/home/rmc/ros2cli/install/ros2cli_test_interfaces/bin'
[6.490s] INFO:colcon.colcon_core.shell:Creating package script '/home/rmc/ros2cli/install/ros2cli_test_interfaces/share/ros2cli_test_interfaces/package.ps1'
[6.490s] INFO:colcon.colcon_core.shell:Creating package descriptor '/home/rmc/ros2cli/install/ros2cli_test_interfaces/share/ros2cli_test_interfaces/package.dsv'
[6.490s] INFO:colcon.colcon_core.shell:Creating package script '/home/rmc/ros2cli/install/ros2cli_test_interfaces/share/ros2cli_test_interfaces/package.sh'
[6.491s] INFO:colcon.colcon_core.shell:Creating package script '/home/rmc/ros2cli/install/ros2cli_test_interfaces/share/ros2cli_test_interfaces/package.bash'
[6.491s] INFO:colcon.colcon_core.shell:Creating package script '/home/rmc/ros2cli/install/ros2cli_test_interfaces/share/ros2cli_test_interfaces/package.zsh'
[6.491s] Level 1:colcon.colcon_core.environment:create_file_with_runtime_dependencies(/home/rmc/ros2cli/install/ros2cli_test_interfaces/share/colcon-core/packages/ros2cli_test_interfaces)
[6.491s] INFO:colcon.colcon_ros.task.ament_python.build:Building ROS package in '/home/rmc/ros2cli/ros2interface' with build type 'ament_python'
[6.492s] Level 1:colcon.colcon_core.shell:create_environment_hook('ros2interface', 'ament_prefix_path')
[6.492s] INFO:colcon.colcon_core.shell:Creating environment hook '/home/rmc/ros2cli/install/ros2interface/share/ros2interface/hook/ament_prefix_path.ps1'
[6.492s] INFO:colcon.colcon_core.shell:Creating environment descriptor '/home/rmc/ros2cli/install/ros2interface/share/ros2interface/hook/ament_prefix_path.dsv'
[6.493s] INFO:colcon.colcon_core.shell:Creating environment hook '/home/rmc/ros2cli/install/ros2interface/share/ros2interface/hook/ament_prefix_path.sh'
[6.493s] INFO:colcon.colcon_core.shell:Skip shell extension 'powershell' for command environment: Not usable outside of PowerShell
[6.493s] DEBUG:colcon.colcon_core.shell:Skip shell extension 'dsv' for command environment
[6.621s] INFO:colcon.colcon_core.task.python.build:Building Python package in '/home/rmc/ros2cli/ros2interface'
[6.621s] INFO:colcon.colcon_core.shell:Skip shell extension 'powershell' for command environment: Not usable outside of PowerShell
[6.621s] DEBUG:colcon.colcon_core.shell:Skip shell extension 'dsv' for command environment
[6.968s] DEBUG:colcon.colcon_core.event_handler.log_command:Invoking command in '/home/rmc/ros2cli/build/ros2interface': AMENT_PREFIX_PATH=/home/rmc/ros2cli/install/ros2cli:/home/rmc/ros2cli/install/ros2topic:/home/rmc/ros2cli/install/ros2component:/home/rmc/ros2cli/install/ros2param:/home/rmc/ros2cli/install/ros2lifecycle:/home/rmc/ros2cli/install/ros2service:/home/rmc/ros2cli/install/ros2run:/home/rmc/ros2cli/install/ros2pkg:/home/rmc/ros2cli/install/ros2node:/home/rmc/ros2cli/install/ros2multicast:/home/rmc/ros2cli/install/ros2lifecycle_test_fixtures:/home/rmc/ros2cli/install/ros2interface:/home/rmc/ros2cli/install/ros2doctor:/home/rmc/ros2cli/install/ros2cli_test_interfaces:/home/rmc/ros2cli/install/ros2action:/opt/ros/rolling CMAKE_PREFIX_PATH=/home/rmc/ros2cli/install/ros2cli_test_interfaces:/home/rmc/ros2cli/install/ros2lifecycle_test_fixtures:/opt/ros/rolling/opt/gz_sim_vendor:/opt/ros/rolling/opt/gz_sensors_vendor:/opt/ros/rolling/opt/gz_physics_vendor:/opt/ros/rolling/opt/sdformat_vendor:/opt/ros/rolling/opt/gz_gui_vendor:/opt/ros/rolling/opt/gz_transport_vendor:/opt/ros/rolling/opt/gz_rendering_vendor:/opt/ros/rolling/opt/gz_plugin_vendor:/opt/ros/rolling/opt/gz_fuel_tools_vendor:/opt/ros/rolling/opt/gz_msgs_vendor:/opt/ros/rolling/opt/gz_common_vendor:/opt/ros/rolling/opt/gz_math_vendor:/opt/ros/rolling/opt/gz_utils_vendor:/opt/ros/rolling/opt/gz_tools_vendor:/opt/ros/rolling/opt/gz_ogre_next_vendor:/opt/ros/rolling/opt/gz_dartsim_vendor:/opt/ros/rolling/opt/gz_cmake_vendor DEBUGINFOD_URLS=https://debuginfod.ubuntu.com PYTHONPATH=/home/rmc/ros2cli/build/ros2interface/prefix_override:/usr/lib/python3/dist-packages/colcon_core/task/python/colcon_distutils_commands:/home/rmc/ros2cli/install/ros2interface/lib/python3.12/site-packages:/home/rmc/ros2cli/install/ros2cli_test_interfaces/lib/python3.12/site-packages:/home/rmc/ros2cli/build/ros2cli:/home/rmc/ros2cli/install/ros2cli/lib/python3.12/site-packages:/home/rmc/ros2cli/build/ros2topic:/home/rmc/ros2cli/install/ros2topic/lib/python3.12/site-packages:/home/rmc/ros2cli/build/ros2component:/home/rmc/ros2cli/install/ros2component/lib/python3.12/site-packages:/home/rmc/ros2cli/build/ros2param:/home/rmc/ros2cli/install/ros2param/lib/python3.12/site-packages:/home/rmc/ros2cli/build/ros2lifecycle:/home/rmc/ros2cli/install/ros2lifecycle/lib/python3.12/site-packages:/home/rmc/ros2cli/build/ros2service:/home/rmc/ros2cli/install/ros2service/lib/python3.12/site-packages:/home/rmc/ros2cli/build/ros2run:/home/rmc/ros2cli/install/ros2run/lib/python3.12/site-packages:/home/rmc/ros2cli/build/ros2pkg:/home/rmc/ros2cli/install/ros2pkg/lib/python3.12/site-packages:/home/rmc/ros2cli/build/ros2node:/home/rmc/ros2cli/install/ros2node/lib/python3.12/site-packages:/home/rmc/ros2cli/build/ros2multicast:/home/rmc/ros2cli/install/ros2multicast/lib/python3.12/site-packages:/home/rmc/ros2cli/build/ros2interface:/home/rmc/ros2cli/install/ros2interface/lib/python3.12/site-packages:/home/rmc/ros2cli/build/ros2doctor:/home/rmc/ros2cli/install/ros2doctor/lib/python3.12/site-packages:/home/rmc/ros2cli/build/ros2action:/home/rmc/ros2cli/install/ros2action/lib/python3.12/site-packages:/opt/ros/rolling/lib/python3.12/site-packages /usr/bin/python3 -W ignore:setup.py install is deprecated -W ignore:easy_install command is deprecated setup.py develop --editable --build-directory /home/rmc/ros2cli/build/ros2interface/build --no-deps symlink_data
[7.324s] Level 1:colcon.colcon_core.shell:create_environment_hook('ros2interface', 'pythonpath_develop')
[7.324s] INFO:colcon.colcon_core.shell:Creating environment hook '/home/rmc/ros2cli/build/ros2interface/share/ros2interface/hook/pythonpath_develop.ps1'
[7.325s] DEBUG:colcon.colcon_core.event_handler.log_command:Invoked command in '/home/rmc/ros2cli/build/ros2interface' returned '0': AMENT_PREFIX_PATH=/home/rmc/ros2cli/install/ros2cli:/home/rmc/ros2cli/install/ros2topic:/home/rmc/ros2cli/install/ros2component:/home/rmc/ros2cli/install/ros2param:/home/rmc/ros2cli/install/ros2lifecycle:/home/rmc/ros2cli/install/ros2service:/home/rmc/ros2cli/install/ros2run:/home/rmc/ros2cli/install/ros2pkg:/home/rmc/ros2cli/install/ros2node:/home/rmc/ros2cli/install/ros2multicast:/home/rmc/ros2cli/install/ros2lifecycle_test_fixtures:/home/rmc/ros2cli/install/ros2interface:/home/rmc/ros2cli/install/ros2doctor:/home/rmc/ros2cli/install/ros2cli_test_interfaces:/home/rmc/ros2cli/install/ros2action:/opt/ros/rolling CMAKE_PREFIX_PATH=/home/rmc/ros2cli/install/ros2cli_test_interfaces:/home/rmc/ros2cli/install/ros2lifecycle_test_fixtures:/opt/ros/rolling/opt/gz_sim_vendor:/opt/ros/rolling/opt/gz_sensors_vendor:/opt/ros/rolling/opt/gz_physics_vendor:/opt/ros/rolling/opt/sdformat_vendor:/opt/ros/rolling/opt/gz_gui_vendor:/opt/ros/rolling/opt/gz_transport_vendor:/opt/ros/rolling/opt/gz_rendering_vendor:/opt/ros/rolling/opt/gz_plugin_vendor:/opt/ros/rolling/opt/gz_fuel_tools_vendor:/opt/ros/rolling/opt/gz_msgs_vendor:/opt/ros/rolling/opt/gz_common_vendor:/opt/ros/rolling/opt/gz_math_vendor:/opt/ros/rolling/opt/gz_utils_vendor:/opt/ros/rolling/opt/gz_tools_vendor:/opt/ros/rolling/opt/gz_ogre_next_vendor:/opt/ros/rolling/opt/gz_dartsim_vendor:/opt/ros/rolling/opt/gz_cmake_vendor DEBUGINFOD_URLS=https://debuginfod.ubuntu.com PYTHONPATH=/home/rmc/ros2cli/build/ros2interface/prefix_override:/usr/lib/python3/dist-packages/colcon_core/task/python/colcon_distutils_commands:/home/rmc/ros2cli/install/ros2interface/lib/python3.12/site-packages:/home/rmc/ros2cli/install/ros2cli_test_interfaces/lib/python3.12/site-packages:/home/rmc/ros2cli/build/ros2cli:/home/rmc/ros2cli/install/ros2cli/lib/python3.12/site-packages:/home/rmc/ros2cli/build/ros2topic:/home/rmc/ros2cli/install/ros2topic/lib/python3.12/site-packages:/home/rmc/ros2cli/build/ros2component:/home/rmc/ros2cli/install/ros2component/lib/python3.12/site-packages:/home/rmc/ros2cli/build/ros2param:/home/rmc/ros2cli/install/ros2param/lib/python3.12/site-packages:/home/rmc/ros2cli/build/ros2lifecycle:/home/rmc/ros2cli/install/ros2lifecycle/lib/python3.12/site-packages:/home/rmc/ros2cli/build/ros2service:/home/rmc/ros2cli/install/ros2service/lib/python3.12/site-packages:/home/rmc/ros2cli/build/ros2run:/home/rmc/ros2cli/install/ros2run/lib/python3.12/site-packages:/home/rmc/ros2cli/build/ros2pkg:/home/rmc/ros2cli/install/ros2pkg/lib/python3.12/site-packages:/home/rmc/ros2cli/build/ros2node:/home/rmc/ros2cli/install/ros2node/lib/python3.12/site-packages:/home/rmc/ros2cli/build/ros2multicast:/home/rmc/ros2cli/install/ros2multicast/lib/python3.12/site-packages:/home/rmc/ros2cli/build/ros2interface:/home/rmc/ros2cli/install/ros2interface/lib/python3.12/site-packages:/home/rmc/ros2cli/build/ros2doctor:/home/rmc/ros2cli/install/ros2doctor/lib/python3.12/site-packages:/home/rmc/ros2cli/build/ros2action:/home/rmc/ros2cli/install/ros2action/lib/python3.12/site-packages:/opt/ros/rolling/lib/python3.12/site-packages /usr/bin/python3 -W ignore:setup.py install is deprecated -W ignore:easy_install command is deprecated setup.py develop --editable --build-directory /home/rmc/ros2cli/build/ros2interface/build --no-deps symlink_data
[7.325s] INFO:colcon.colcon_core.shell:Creating environment descriptor '/home/rmc/ros2cli/build/ros2interface/share/ros2interface/hook/pythonpath_develop.dsv'
[7.325s] INFO:colcon.colcon_core.shell:Creating environment hook '/home/rmc/ros2cli/build/ros2interface/share/ros2interface/hook/pythonpath_develop.sh'
[7.325s] Level 1:colcon.colcon_core.environment:checking '/home/rmc/ros2cli/install/ros2interface' for CMake module files
[7.326s] Level 1:colcon.colcon_core.environment:checking '/home/rmc/ros2cli/install/ros2interface' for CMake config files
[7.326s] Level 1:colcon.colcon_core.environment:checking '/home/rmc/ros2cli/install/ros2interface/lib'
[7.326s] Level 1:colcon.colcon_core.environment:checking '/home/rmc/ros2cli/install/ros2interface/bin'
[7.326s] Level 1:colcon.colcon_core.environment:checking '/home/rmc/ros2cli/install/ros2interface/lib/pkgconfig/ros2interface.pc'
[7.326s] Level 1:colcon.colcon_core.environment:checking '/home/rmc/ros2cli/install/ros2interface/lib/python3.12/site-packages'
[7.326s] Level 1:colcon.colcon_core.shell:create_environment_hook('ros2interface', 'pythonpath')
[7.326s] INFO:colcon.colcon_core.shell:Creating environment hook '/home/rmc/ros2cli/install/ros2interface/share/ros2interface/hook/pythonpath.ps1'
[7.326s] INFO:colcon.colcon_core.shell:Creating environment descriptor '/home/rmc/ros2cli/install/ros2interface/share/ros2interface/hook/pythonpath.dsv'
[7.326s] INFO:colcon.colcon_core.shell:Creating environment hook '/home/rmc/ros2cli/install/ros2interface/share/ros2interface/hook/pythonpath.sh'
[7.327s] Level 1:colcon.colcon_core.environment:checking '/home/rmc/ros2cli/install/ros2interface/bin'
[7.327s] Level 1:colcon.colcon_core.environment:create_environment_scripts_only(ros2interface)
[7.327s] INFO:colcon.colcon_core.shell:Creating package script '/home/rmc/ros2cli/install/ros2interface/share/ros2interface/package.ps1'
[7.327s] INFO:colcon.colcon_core.shell:Creating package descriptor '/home/rmc/ros2cli/install/ros2interface/share/ros2interface/package.dsv'
[7.327s] INFO:colcon.colcon_core.shell:Creating package script '/home/rmc/ros2cli/install/ros2interface/share/ros2interface/package.sh'
[7.327s] INFO:colcon.colcon_core.shell:Creating package script '/home/rmc/ros2cli/install/ros2interface/share/ros2interface/package.bash'
[7.327s] INFO:colcon.colcon_core.shell:Creating package script '/home/rmc/ros2cli/install/ros2interface/share/ros2interface/package.zsh'
[7.328s] Level 1:colcon.colcon_core.environment:create_file_with_runtime_dependencies(/home/rmc/ros2cli/install/ros2interface/share/colcon-core/packages/ros2interface)
[7.328s] DEBUG:colcon.colcon_parallel_executor.executor.parallel:closing loop
[7.328s] DEBUG:colcon.colcon_parallel_executor.executor.parallel:loop closed
[7.328s] DEBUG:colcon.colcon_parallel_executor.executor.parallel:run_until_complete finished with '0'
[7.328s] DEBUG:colcon.colcon_core.event_reactor:joining thread
[7.332s] INFO:colcon.colcon_core.plugin_system:Skipping extension 'colcon_notification.desktop_notification.terminal_notifier': Not used on non-Darwin systems
[7.332s] INFO:colcon.colcon_core.plugin_system:Skipping extension 'colcon_notification.desktop_notification.win32': Not used on non-Windows systems
[7.332s] INFO:colcon.colcon_notification.desktop_notification:Sending desktop notification using 'notify2'
[7.340s] DEBUG:colcon.colcon_core.event_reactor:joined thread
[7.341s] INFO:colcon.colcon_core.shell:Creating prefix script '/home/rmc/ros2cli/install/local_setup.ps1'
[7.341s] INFO:colcon.colcon_core.shell:Creating prefix util module '/home/rmc/ros2cli/install/_local_setup_util_ps1.py'
[7.342s] INFO:colcon.colcon_core.shell:Creating prefix chain script '/home/rmc/ros2cli/install/setup.ps1'
[7.343s] INFO:colcon.colcon_core.shell:Creating prefix script '/home/rmc/ros2cli/install/local_setup.sh'
[7.344s] INFO:colcon.colcon_core.shell:Creating prefix util module '/home/rmc/ros2cli/install/_local_setup_util_sh.py'
[7.344s] INFO:colcon.colcon_core.shell:Creating prefix chain script '/home/rmc/ros2cli/install/setup.sh'
[7.345s] INFO:colcon.colcon_core.shell:Creating prefix script '/home/rmc/ros2cli/install/local_setup.bash'
[7.345s] INFO:colcon.colcon_core.shell:Creating prefix chain script '/home/rmc/ros2cli/install/setup.bash'
[7.345s] INFO:colcon.colcon_core.shell:Creating prefix script '/home/rmc/ros2cli/install/local_setup.zsh'
[7.346s] INFO:colcon.colcon_core.shell:Creating prefix chain script '/home/rmc/ros2cli/install/setup.zsh'
