[0.055s] DEBUG:colcon:Command line arguments: ['/usr/bin/colcon', 'build', '--symlink-install']
[0.055s] DEBUG:colcon:Parsed command line arguments: Namespace(log_base=None, log_level=None, verb_name='build', build_base='build', install_base='install', merge_install=False, symlink_install=True, test_result_base=None, continue_on_error=False, executor='parallel', parallel_workers=32, event_handlers=None, ignore_user_meta=False, metas=['./colcon.meta'], base_paths=['.'], packages_ignore=None, packages_ignore_regex=None, paths=None, packages_up_to=None, packages_up_to_regex=None, packages_above=None, packages_above_and_dependencies=None, packages_above_depth=None, packages_select_by_dep=None, packages_skip_by_dep=None, packages_skip_up_to=None, packages_select_build_failed=False, packages_skip_build_finished=False, packages_select_test_failures=False, packages_skip_test_passed=False, packages_select=None, packages_skip=None, packages_select_regex=None, packages_skip_regex=None, packages_start=None, packages_end=None, allow_overriding=[], cmake_args=None, cmake_target=None, cmake_target_skip_unavailable=False, cmake_clean_cache=False, cmake_clean_first=False, cmake_force_configure=False, ament_cmake_args=None, catkin_cmake_args=None, catkin_skip_building_tests=False, mixin_files=None, mixin=None, verb_parser=<colcon_mixin.mixin.mixin_argument.MixinArgumentDecorator object at 0x762ccfc97740>, verb_extension=<colcon_core.verb.build.BuildVerb object at 0x762cd0b1fc20>, main=<bound method BuildVerb.main of <colcon_core.verb.build.BuildVerb object at 0x762cd0b1fc20>>, mixin_verb=('build',))
[0.074s] Level 1:colcon.colcon_core.package_discovery:discover_packages(colcon_meta) check parameters
[0.075s] Level 1:colcon.colcon_core.package_discovery:discover_packages(recursive) check parameters
[0.075s] Level 1:colcon.colcon_core.package_discovery:discover_packages(ignore) check parameters
[0.075s] Level 1:colcon.colcon_core.package_discovery:discover_packages(path) check parameters
[0.075s] Level 1:colcon.colcon_core.package_discovery:discover_packages(colcon_meta) discover
[0.075s] Level 1:colcon.colcon_core.package_discovery:discover_packages(recursive) discover
[0.075s] INFO:colcon.colcon_core.package_discovery:Crawling recursively for packages in '/home/rmc/ros2cli'
[0.075s] Level 1:colcon.colcon_core.package_identification:_identify(.) by extensions ['ignore', 'ignore_ament_install']
[0.075s] Level 1:colcon.colcon_core.package_identification:_identify(.) by extension 'ignore'
[0.075s] Level 1:colcon.colcon_core.package_identification:_identify(.) by extension 'ignore_ament_install'
[0.075s] Level 1:colcon.colcon_core.package_identification:_identify(.) by extensions ['colcon_pkg']
[0.075s] Level 1:colcon.colcon_core.package_identification:_identify(.) by extension 'colcon_pkg'
[0.075s] Level 1:colcon.colcon_core.package_identification:_identify(.) by extensions ['colcon_meta']
[0.075s] Level 1:colcon.colcon_core.package_identification:_identify(.) by extension 'colcon_meta'
[0.075s] Level 1:colcon.colcon_core.package_identification:_identify(.) by extensions ['ros']
[0.075s] Level 1:colcon.colcon_core.package_identification:_identify(.) by extension 'ros'
[0.088s] Level 1:colcon.colcon_core.package_identification:_identify(.) by extensions ['cmake', 'python']
[0.088s] Level 1:colcon.colcon_core.package_identification:_identify(.) by extension 'cmake'
[0.088s] Level 1:colcon.colcon_core.package_identification:_identify(.) by extension 'python'
[0.088s] Level 1:colcon.colcon_core.package_identification:_identify(.) by extensions ['python_setup_py']
[0.088s] Level 1:colcon.colcon_core.package_identification:_identify(.) by extension 'python_setup_py'
[0.088s] Level 1:colcon.colcon_core.package_identification:_identify(build) by extensions ['ignore', 'ignore_ament_install']
[0.089s] Level 1:colcon.colcon_core.package_identification:_identify(build) by extension 'ignore'
[0.089s] Level 1:colcon.colcon_core.package_identification:_identify(build) ignored
[0.089s] Level 1:colcon.colcon_core.package_identification:_identify(install) by extensions ['ignore', 'ignore_ament_install']
[0.089s] Level 1:colcon.colcon_core.package_identification:_identify(install) by extension 'ignore'
[0.089s] Level 1:colcon.colcon_core.package_identification:_identify(install) ignored
[0.089s] Level 1:colcon.colcon_core.package_identification:_identify(log) by extensions ['ignore', 'ignore_ament_install']
[0.089s] Level 1:colcon.colcon_core.package_identification:_identify(log) by extension 'ignore'
[0.089s] Level 1:colcon.colcon_core.package_identification:_identify(log) ignored
[0.089s] Level 1:colcon.colcon_core.package_identification:_identify(ros2action) by extensions ['ignore', 'ignore_ament_install']
[0.089s] Level 1:colcon.colcon_core.package_identification:_identify(ros2action) by extension 'ignore'
[0.089s] Level 1:colcon.colcon_core.package_identification:_identify(ros2action) by extension 'ignore_ament_install'
[0.089s] Level 1:colcon.colcon_core.package_identification:_identify(ros2action) by extensions ['colcon_pkg']
[0.089s] Level 1:colcon.colcon_core.package_identification:_identify(ros2action) by extension 'colcon_pkg'
[0.089s] Level 1:colcon.colcon_core.package_identification:_identify(ros2action) by extensions ['colcon_meta']
[0.089s] Level 1:colcon.colcon_core.package_identification:_identify(ros2action) by extension 'colcon_meta'
[0.089s] Level 1:colcon.colcon_core.package_identification:_identify(ros2action) by extensions ['ros']
[0.089s] Level 1:colcon.colcon_core.package_identification:_identify(ros2action) by extension 'ros'
[0.090s] DEBUG:colcon.colcon_core.package_identification:Package 'ros2action' with type 'ros.ament_python' and name 'ros2action'
[0.090s] Level 1:colcon.colcon_core.package_identification:_identify(ros2cli) by extensions ['ignore', 'ignore_ament_install']
[0.090s] Level 1:colcon.colcon_core.package_identification:_identify(ros2cli) by extension 'ignore'
[0.090s] Level 1:colcon.colcon_core.package_identification:_identify(ros2cli) by extension 'ignore_ament_install'
[0.090s] Level 1:colcon.colcon_core.package_identification:_identify(ros2cli) by extensions ['colcon_pkg']
[0.090s] Level 1:colcon.colcon_core.package_identification:_identify(ros2cli) by extension 'colcon_pkg'
[0.090s] Level 1:colcon.colcon_core.package_identification:_identify(ros2cli) by extensions ['colcon_meta']
[0.091s] Level 1:colcon.colcon_core.package_identification:_identify(ros2cli) by extension 'colcon_meta'
[0.091s] Level 1:colcon.colcon_core.package_identification:_identify(ros2cli) by extensions ['ros']
[0.091s] Level 1:colcon.colcon_core.package_identification:_identify(ros2cli) by extension 'ros'
[0.091s] DEBUG:colcon.colcon_core.package_identification:Package 'ros2cli' with type 'ros.ament_python' and name 'ros2cli'
[0.091s] Level 1:colcon.colcon_core.package_identification:_identify(ros2cli_test_interfaces) by extensions ['ignore', 'ignore_ament_install']
[0.091s] Level 1:colcon.colcon_core.package_identification:_identify(ros2cli_test_interfaces) by extension 'ignore'
[0.091s] Level 1:colcon.colcon_core.package_identification:_identify(ros2cli_test_interfaces) by extension 'ignore_ament_install'
[0.091s] Level 1:colcon.colcon_core.package_identification:_identify(ros2cli_test_interfaces) by extensions ['colcon_pkg']
[0.091s] Level 1:colcon.colcon_core.package_identification:_identify(ros2cli_test_interfaces) by extension 'colcon_pkg'
[0.091s] Level 1:colcon.colcon_core.package_identification:_identify(ros2cli_test_interfaces) by extensions ['colcon_meta']
[0.091s] Level 1:colcon.colcon_core.package_identification:_identify(ros2cli_test_interfaces) by extension 'colcon_meta'
[0.091s] Level 1:colcon.colcon_core.package_identification:_identify(ros2cli_test_interfaces) by extensions ['ros']
[0.091s] Level 1:colcon.colcon_core.package_identification:_identify(ros2cli_test_interfaces) by extension 'ros'
[0.091s] DEBUG:colcon.colcon_core.package_identification:Package 'ros2cli_test_interfaces' with type 'ros.ament_cmake' and name 'ros2cli_test_interfaces'
[0.091s] Level 1:colcon.colcon_core.package_identification:_identify(ros2component) by extensions ['ignore', 'ignore_ament_install']
[0.091s] Level 1:colcon.colcon_core.package_identification:_identify(ros2component) by extension 'ignore'
[0.091s] Level 1:colcon.colcon_core.package_identification:_identify(ros2component) by extension 'ignore_ament_install'
[0.091s] Level 1:colcon.colcon_core.package_identification:_identify(ros2component) by extensions ['colcon_pkg']
[0.091s] Level 1:colcon.colcon_core.package_identification:_identify(ros2component) by extension 'colcon_pkg'
[0.091s] Level 1:colcon.colcon_core.package_identification:_identify(ros2component) by extensions ['colcon_meta']
[0.091s] Level 1:colcon.colcon_core.package_identification:_identify(ros2component) by extension 'colcon_meta'
[0.091s] Level 1:colcon.colcon_core.package_identification:_identify(ros2component) by extensions ['ros']
[0.091s] Level 1:colcon.colcon_core.package_identification:_identify(ros2component) by extension 'ros'
[0.092s] DEBUG:colcon.colcon_core.package_identification:Package 'ros2component' with type 'ros.ament_python' and name 'ros2component'
[0.092s] Level 1:colcon.colcon_core.package_identification:_identify(ros2doctor) by extensions ['ignore', 'ignore_ament_install']
[0.092s] Level 1:colcon.colcon_core.package_identification:_identify(ros2doctor) by extension 'ignore'
[0.092s] Level 1:colcon.colcon_core.package_identification:_identify(ros2doctor) by extension 'ignore_ament_install'
[0.092s] Level 1:colcon.colcon_core.package_identification:_identify(ros2doctor) by extensions ['colcon_pkg']
[0.092s] Level 1:colcon.colcon_core.package_identification:_identify(ros2doctor) by extension 'colcon_pkg'
[0.092s] Level 1:colcon.colcon_core.package_identification:_identify(ros2doctor) by extensions ['colcon_meta']
[0.092s] Level 1:colcon.colcon_core.package_identification:_identify(ros2doctor) by extension 'colcon_meta'
[0.092s] Level 1:colcon.colcon_core.package_identification:_identify(ros2doctor) by extensions ['ros']
[0.092s] Level 1:colcon.colcon_core.package_identification:_identify(ros2doctor) by extension 'ros'
[0.092s] DEBUG:colcon.colcon_core.package_identification:Package 'ros2doctor' with type 'ros.ament_python' and name 'ros2doctor'
[0.092s] Level 1:colcon.colcon_core.package_identification:_identify(ros2interface) by extensions ['ignore', 'ignore_ament_install']
[0.092s] Level 1:colcon.colcon_core.package_identification:_identify(ros2interface) by extension 'ignore'
[0.092s] Level 1:colcon.colcon_core.package_identification:_identify(ros2interface) by extension 'ignore_ament_install'
[0.092s] Level 1:colcon.colcon_core.package_identification:_identify(ros2interface) by extensions ['colcon_pkg']
[0.092s] Level 1:colcon.colcon_core.package_identification:_identify(ros2interface) by extension 'colcon_pkg'
[0.092s] Level 1:colcon.colcon_core.package_identification:_identify(ros2interface) by extensions ['colcon_meta']
[0.092s] Level 1:colcon.colcon_core.package_identification:_identify(ros2interface) by extension 'colcon_meta'
[0.092s] Level 1:colcon.colcon_core.package_identification:_identify(ros2interface) by extensions ['ros']
[0.092s] Level 1:colcon.colcon_core.package_identification:_identify(ros2interface) by extension 'ros'
[0.093s] DEBUG:colcon.colcon_core.package_identification:Package 'ros2interface' with type 'ros.ament_python' and name 'ros2interface'
[0.093s] Level 1:colcon.colcon_core.package_identification:_identify(ros2lifecycle) by extensions ['ignore', 'ignore_ament_install']
[0.093s] Level 1:colcon.colcon_core.package_identification:_identify(ros2lifecycle) by extension 'ignore'
[0.093s] Level 1:colcon.colcon_core.package_identification:_identify(ros2lifecycle) by extension 'ignore_ament_install'
[0.093s] Level 1:colcon.colcon_core.package_identification:_identify(ros2lifecycle) by extensions ['colcon_pkg']
[0.093s] Level 1:colcon.colcon_core.package_identification:_identify(ros2lifecycle) by extension 'colcon_pkg'
[0.093s] Level 1:colcon.colcon_core.package_identification:_identify(ros2lifecycle) by extensions ['colcon_meta']
[0.093s] Level 1:colcon.colcon_core.package_identification:_identify(ros2lifecycle) by extension 'colcon_meta'
[0.093s] Level 1:colcon.colcon_core.package_identification:_identify(ros2lifecycle) by extensions ['ros']
[0.093s] Level 1:colcon.colcon_core.package_identification:_identify(ros2lifecycle) by extension 'ros'
[0.093s] DEBUG:colcon.colcon_core.package_identification:Package 'ros2lifecycle' with type 'ros.ament_python' and name 'ros2lifecycle'
[0.093s] Level 1:colcon.colcon_core.package_identification:_identify(ros2lifecycle_test_fixtures) by extensions ['ignore', 'ignore_ament_install']
[0.093s] Level 1:colcon.colcon_core.package_identification:_identify(ros2lifecycle_test_fixtures) by extension 'ignore'
[0.093s] Level 1:colcon.colcon_core.package_identification:_identify(ros2lifecycle_test_fixtures) by extension 'ignore_ament_install'
[0.093s] Level 1:colcon.colcon_core.package_identification:_identify(ros2lifecycle_test_fixtures) by extensions ['colcon_pkg']
[0.093s] Level 1:colcon.colcon_core.package_identification:_identify(ros2lifecycle_test_fixtures) by extension 'colcon_pkg'
[0.093s] Level 1:colcon.colcon_core.package_identification:_identify(ros2lifecycle_test_fixtures) by extensions ['colcon_meta']
[0.093s] Level 1:colcon.colcon_core.package_identification:_identify(ros2lifecycle_test_fixtures) by extension 'colcon_meta'
[0.093s] Level 1:colcon.colcon_core.package_identification:_identify(ros2lifecycle_test_fixtures) by extensions ['ros']
[0.093s] Level 1:colcon.colcon_core.package_identification:_identify(ros2lifecycle_test_fixtures) by extension 'ros'
[0.093s] DEBUG:colcon.colcon_core.package_identification:Package 'ros2lifecycle_test_fixtures' with type 'ros.ament_cmake' and name 'ros2lifecycle_test_fixtures'
[0.093s] Level 1:colcon.colcon_core.package_identification:_identify(ros2multicast) by extensions ['ignore', 'ignore_ament_install']
[0.093s] Level 1:colcon.colcon_core.package_identification:_identify(ros2multicast) by extension 'ignore'
[0.093s] Level 1:colcon.colcon_core.package_identification:_identify(ros2multicast) by extension 'ignore_ament_install'
[0.094s] Level 1:colcon.colcon_core.package_identification:_identify(ros2multicast) by extensions ['colcon_pkg']
[0.094s] Level 1:colcon.colcon_core.package_identification:_identify(ros2multicast) by extension 'colcon_pkg'
[0.094s] Level 1:colcon.colcon_core.package_identification:_identify(ros2multicast) by extensions ['colcon_meta']
[0.094s] Level 1:colcon.colcon_core.package_identification:_identify(ros2multicast) by extension 'colcon_meta'
[0.094s] Level 1:colcon.colcon_core.package_identification:_identify(ros2multicast) by extensions ['ros']
[0.094s] Level 1:colcon.colcon_core.package_identification:_identify(ros2multicast) by extension 'ros'
[0.094s] DEBUG:colcon.colcon_core.package_identification:Package 'ros2multicast' with type 'ros.ament_python' and name 'ros2multicast'
[0.094s] Level 1:colcon.colcon_core.package_identification:_identify(ros2node) by extensions ['ignore', 'ignore_ament_install']
[0.094s] Level 1:colcon.colcon_core.package_identification:_identify(ros2node) by extension 'ignore'
[0.094s] Level 1:colcon.colcon_core.package_identification:_identify(ros2node) by extension 'ignore_ament_install'
[0.094s] Level 1:colcon.colcon_core.package_identification:_identify(ros2node) by extensions ['colcon_pkg']
[0.094s] Level 1:colcon.colcon_core.package_identification:_identify(ros2node) by extension 'colcon_pkg'
[0.094s] Level 1:colcon.colcon_core.package_identification:_identify(ros2node) by extensions ['colcon_meta']
[0.094s] Level 1:colcon.colcon_core.package_identification:_identify(ros2node) by extension 'colcon_meta'
[0.094s] Level 1:colcon.colcon_core.package_identification:_identify(ros2node) by extensions ['ros']
[0.094s] Level 1:colcon.colcon_core.package_identification:_identify(ros2node) by extension 'ros'
[0.094s] DEBUG:colcon.colcon_core.package_identification:Package 'ros2node' with type 'ros.ament_python' and name 'ros2node'
[0.094s] Level 1:colcon.colcon_core.package_identification:_identify(ros2param) by extensions ['ignore', 'ignore_ament_install']
[0.094s] Level 1:colcon.colcon_core.package_identification:_identify(ros2param) by extension 'ignore'
[0.094s] Level 1:colcon.colcon_core.package_identification:_identify(ros2param) by extension 'ignore_ament_install'
[0.094s] Level 1:colcon.colcon_core.package_identification:_identify(ros2param) by extensions ['colcon_pkg']
[0.094s] Level 1:colcon.colcon_core.package_identification:_identify(ros2param) by extension 'colcon_pkg'
[0.094s] Level 1:colcon.colcon_core.package_identification:_identify(ros2param) by extensions ['colcon_meta']
[0.094s] Level 1:colcon.colcon_core.package_identification:_identify(ros2param) by extension 'colcon_meta'
[0.094s] Level 1:colcon.colcon_core.package_identification:_identify(ros2param) by extensions ['ros']
[0.094s] Level 1:colcon.colcon_core.package_identification:_identify(ros2param) by extension 'ros'
[0.095s] DEBUG:colcon.colcon_core.package_identification:Package 'ros2param' with type 'ros.ament_python' and name 'ros2param'
[0.095s] Level 1:colcon.colcon_core.package_identification:_identify(ros2pkg) by extensions ['ignore', 'ignore_ament_install']
[0.095s] Level 1:colcon.colcon_core.package_identification:_identify(ros2pkg) by extension 'ignore'
[0.095s] Level 1:colcon.colcon_core.package_identification:_identify(ros2pkg) by extension 'ignore_ament_install'
[0.095s] Level 1:colcon.colcon_core.package_identification:_identify(ros2pkg) by extensions ['colcon_pkg']
[0.095s] Level 1:colcon.colcon_core.package_identification:_identify(ros2pkg) by extension 'colcon_pkg'
[0.095s] Level 1:colcon.colcon_core.package_identification:_identify(ros2pkg) by extensions ['colcon_meta']
[0.095s] Level 1:colcon.colcon_core.package_identification:_identify(ros2pkg) by extension 'colcon_meta'
[0.095s] Level 1:colcon.colcon_core.package_identification:_identify(ros2pkg) by extensions ['ros']
[0.095s] Level 1:colcon.colcon_core.package_identification:_identify(ros2pkg) by extension 'ros'
[0.095s] DEBUG:colcon.colcon_core.package_identification:Package 'ros2pkg' with type 'ros.ament_python' and name 'ros2pkg'
[0.095s] Level 1:colcon.colcon_core.package_identification:_identify(ros2run) by extensions ['ignore', 'ignore_ament_install']
[0.095s] Level 1:colcon.colcon_core.package_identification:_identify(ros2run) by extension 'ignore'
[0.095s] Level 1:colcon.colcon_core.package_identification:_identify(ros2run) by extension 'ignore_ament_install'
[0.095s] Level 1:colcon.colcon_core.package_identification:_identify(ros2run) by extensions ['colcon_pkg']
[0.095s] Level 1:colcon.colcon_core.package_identification:_identify(ros2run) by extension 'colcon_pkg'
[0.095s] Level 1:colcon.colcon_core.package_identification:_identify(ros2run) by extensions ['colcon_meta']
[0.095s] Level 1:colcon.colcon_core.package_identification:_identify(ros2run) by extension 'colcon_meta'
[0.095s] Level 1:colcon.colcon_core.package_identification:_identify(ros2run) by extensions ['ros']
[0.095s] Level 1:colcon.colcon_core.package_identification:_identify(ros2run) by extension 'ros'
[0.095s] DEBUG:colcon.colcon_core.package_identification:Package 'ros2run' with type 'ros.ament_python' and name 'ros2run'
[0.095s] Level 1:colcon.colcon_core.package_identification:_identify(ros2service) by extensions ['ignore', 'ignore_ament_install']
[0.095s] Level 1:colcon.colcon_core.package_identification:_identify(ros2service) by extension 'ignore'
[0.095s] Level 1:colcon.colcon_core.package_identification:_identify(ros2service) by extension 'ignore_ament_install'
[0.095s] Level 1:colcon.colcon_core.package_identification:_identify(ros2service) by extensions ['colcon_pkg']
[0.095s] Level 1:colcon.colcon_core.package_identification:_identify(ros2service) by extension 'colcon_pkg'
[0.095s] Level 1:colcon.colcon_core.package_identification:_identify(ros2service) by extensions ['colcon_meta']
[0.095s] Level 1:colcon.colcon_core.package_identification:_identify(ros2service) by extension 'colcon_meta'
[0.095s] Level 1:colcon.colcon_core.package_identification:_identify(ros2service) by extensions ['ros']
[0.096s] Level 1:colcon.colcon_core.package_identification:_identify(ros2service) by extension 'ros'
[0.096s] DEBUG:colcon.colcon_core.package_identification:Package 'ros2service' with type 'ros.ament_python' and name 'ros2service'
[0.096s] Level 1:colcon.colcon_core.package_identification:_identify(ros2topic) by extensions ['ignore', 'ignore_ament_install']
[0.096s] Level 1:colcon.colcon_core.package_identification:_identify(ros2topic) by extension 'ignore'
[0.096s] Level 1:colcon.colcon_core.package_identification:_identify(ros2topic) by extension 'ignore_ament_install'
[0.096s] Level 1:colcon.colcon_core.package_identification:_identify(ros2topic) by extensions ['colcon_pkg']
[0.096s] Level 1:colcon.colcon_core.package_identification:_identify(ros2topic) by extension 'colcon_pkg'
[0.096s] Level 1:colcon.colcon_core.package_identification:_identify(ros2topic) by extensions ['colcon_meta']
[0.096s] Level 1:colcon.colcon_core.package_identification:_identify(ros2topic) by extension 'colcon_meta'
[0.096s] Level 1:colcon.colcon_core.package_identification:_identify(ros2topic) by extensions ['ros']
[0.096s] Level 1:colcon.colcon_core.package_identification:_identify(ros2topic) by extension 'ros'
[0.096s] DEBUG:colcon.colcon_core.package_identification:Package 'ros2topic' with type 'ros.ament_python' and name 'ros2topic'
[0.096s] Level 1:colcon.colcon_core.package_discovery:discover_packages(recursive) using defaults
[0.096s] Level 1:colcon.colcon_core.package_discovery:discover_packages(ignore) discover
[0.096s] Level 1:colcon.colcon_core.package_discovery:discover_packages(ignore) using defaults
[0.096s] Level 1:colcon.colcon_core.package_discovery:discover_packages(path) discover
[0.096s] Level 1:colcon.colcon_core.package_discovery:discover_packages(path) using defaults
[0.105s] INFO:colcon.colcon_metadata.metadata.colcon_pkg:Updating descriptor of package 'ros2cli' from colcon.pkg: {'hooks': ['share/ros2cli/environment/ros2-argcomplete.bash', 'share/ros2cli/environment/ros2-argcomplete.zsh']}
[0.107s] Level 1:colcon.colcon_core.package_discovery:discover_packages(prefix_path) check parameters
[0.107s] Level 1:colcon.colcon_core.package_discovery:discover_packages(prefix_path) discover
[0.108s] DEBUG:colcon.colcon_installed_package_information.package_discovery:Found 285 installed packages in /opt/ros/rolling
[0.108s] Level 1:colcon.colcon_core.package_discovery:discover_packages(prefix_path) using defaults
[0.122s] WARNING:colcon.colcon_core.package_selection:Some selected packages are already built in one or more underlay workspaces:
	'ros2pkg' is in: /opt/ros/rolling
	'ros2doctor' is in: /opt/ros/rolling
	'ros2action' is in: /opt/ros/rolling
	'ros2param' is in: /opt/ros/rolling
	'ros2run' is in: /opt/ros/rolling
	'ros2multicast' is in: /opt/ros/rolling
	'ros2topic' is in: /opt/ros/rolling
	'ros2lifecycle' is in: /opt/ros/rolling
	'ros2interface' is in: /opt/ros/rolling
	'ros2service' is in: /opt/ros/rolling
	'ros2node' is in: /opt/ros/rolling
	'ros2component' is in: /opt/ros/rolling
	'ros2cli' is in: /opt/ros/rolling
If a package in a merged underlay workspace is overridden and it installs headers, then all packages in the overlay must sort their include directories by workspace order. Failure to do so may result in build failures or undefined behavior at run time.
If the overridden package is used by another package in any underlay, then the overriding package in the overlay must be API and ABI compatible or undefined behavior at run time may occur.

If you understand the risks and want to override a package anyways, add the following to the command line:
	--allow-overriding ros2action ros2cli ros2component ros2doctor ros2interface ros2lifecycle ros2multicast ros2node ros2param ros2pkg ros2run ros2service ros2topic

This may be promoted to an error in a future release of colcon-override-check.
[0.122s] Level 5:colcon.colcon_core.verb:set package 'ros2cli' build argument 'cmake_args' from command line to 'None'
[0.122s] Level 5:colcon.colcon_core.verb:set package 'ros2cli' build argument 'cmake_target' from command line to 'None'
[0.123s] Level 5:colcon.colcon_core.verb:set package 'ros2cli' build argument 'cmake_target_skip_unavailable' from command line to 'False'
[0.123s] Level 5:colcon.colcon_core.verb:set package 'ros2cli' build argument 'cmake_clean_cache' from command line to 'False'
[0.123s] Level 5:colcon.colcon_core.verb:set package 'ros2cli' build argument 'cmake_clean_first' from command line to 'False'
[0.123s] Level 5:colcon.colcon_core.verb:set package 'ros2cli' build argument 'cmake_force_configure' from command line to 'False'
[0.123s] Level 5:colcon.colcon_core.verb:set package 'ros2cli' build argument 'ament_cmake_args' from command line to 'None'
[0.123s] Level 5:colcon.colcon_core.verb:set package 'ros2cli' build argument 'catkin_cmake_args' from command line to 'None'
[0.123s] Level 5:colcon.colcon_core.verb:set package 'ros2cli' build argument 'catkin_skip_building_tests' from command line to 'False'
[0.123s] DEBUG:colcon.colcon_core.verb:Building package 'ros2cli' with the following arguments: {'ament_cmake_args': None, 'build_base': '/home/rmc/ros2cli/build/ros2cli', 'catkin_cmake_args': None, 'catkin_skip_building_tests': False, 'cmake_args': None, 'cmake_clean_cache': False, 'cmake_clean_first': False, 'cmake_force_configure': False, 'cmake_target': None, 'cmake_target_skip_unavailable': False, 'install_base': '/home/rmc/ros2cli/install/ros2cli', 'merge_install': False, 'path': '/home/rmc/ros2cli/ros2cli', 'symlink_install': True, 'test_result_base': None}
[0.123s] Level 5:colcon.colcon_core.verb:set package 'ros2cli_test_interfaces' build argument 'cmake_args' from command line to 'None'
[0.123s] Level 5:colcon.colcon_core.verb:set package 'ros2cli_test_interfaces' build argument 'cmake_target' from command line to 'None'
[0.123s] Level 5:colcon.colcon_core.verb:set package 'ros2cli_test_interfaces' build argument 'cmake_target_skip_unavailable' from command line to 'False'
[0.123s] Level 5:colcon.colcon_core.verb:set package 'ros2cli_test_interfaces' build argument 'cmake_clean_cache' from command line to 'False'
[0.123s] Level 5:colcon.colcon_core.verb:set package 'ros2cli_test_interfaces' build argument 'cmake_clean_first' from command line to 'False'
[0.123s] Level 5:colcon.colcon_core.verb:set package 'ros2cli_test_interfaces' build argument 'cmake_force_configure' from command line to 'False'
[0.123s] Level 5:colcon.colcon_core.verb:set package 'ros2cli_test_interfaces' build argument 'ament_cmake_args' from command line to 'None'
[0.123s] Level 5:colcon.colcon_core.verb:set package 'ros2cli_test_interfaces' build argument 'catkin_cmake_args' from command line to 'None'
[0.123s] Level 5:colcon.colcon_core.verb:set package 'ros2cli_test_interfaces' build argument 'catkin_skip_building_tests' from command line to 'False'
[0.123s] DEBUG:colcon.colcon_core.verb:Building package 'ros2cli_test_interfaces' with the following arguments: {'ament_cmake_args': None, 'build_base': '/home/rmc/ros2cli/build/ros2cli_test_interfaces', 'catkin_cmake_args': None, 'catkin_skip_building_tests': False, 'cmake_args': None, 'cmake_clean_cache': False, 'cmake_clean_first': False, 'cmake_force_configure': False, 'cmake_target': None, 'cmake_target_skip_unavailable': False, 'install_base': '/home/rmc/ros2cli/install/ros2cli_test_interfaces', 'merge_install': False, 'path': '/home/rmc/ros2cli/ros2cli_test_interfaces', 'symlink_install': True, 'test_result_base': None}
[0.123s] Level 5:colcon.colcon_core.verb:set package 'ros2lifecycle_test_fixtures' build argument 'cmake_args' from command line to 'None'
[0.123s] Level 5:colcon.colcon_core.verb:set package 'ros2lifecycle_test_fixtures' build argument 'cmake_target' from command line to 'None'
[0.123s] Level 5:colcon.colcon_core.verb:set package 'ros2lifecycle_test_fixtures' build argument 'cmake_target_skip_unavailable' from command line to 'False'
[0.123s] Level 5:colcon.colcon_core.verb:set package 'ros2lifecycle_test_fixtures' build argument 'cmake_clean_cache' from command line to 'False'
[0.123s] Level 5:colcon.colcon_core.verb:set package 'ros2lifecycle_test_fixtures' build argument 'cmake_clean_first' from command line to 'False'
[0.123s] Level 5:colcon.colcon_core.verb:set package 'ros2lifecycle_test_fixtures' build argument 'cmake_force_configure' from command line to 'False'
[0.123s] Level 5:colcon.colcon_core.verb:set package 'ros2lifecycle_test_fixtures' build argument 'ament_cmake_args' from command line to 'None'
[0.123s] Level 5:colcon.colcon_core.verb:set package 'ros2lifecycle_test_fixtures' build argument 'catkin_cmake_args' from command line to 'None'
[0.123s] Level 5:colcon.colcon_core.verb:set package 'ros2lifecycle_test_fixtures' build argument 'catkin_skip_building_tests' from command line to 'False'
[0.123s] DEBUG:colcon.colcon_core.verb:Building package 'ros2lifecycle_test_fixtures' with the following arguments: {'ament_cmake_args': None, 'build_base': '/home/rmc/ros2cli/build/ros2lifecycle_test_fixtures', 'catkin_cmake_args': None, 'catkin_skip_building_tests': False, 'cmake_args': None, 'cmake_clean_cache': False, 'cmake_clean_first': False, 'cmake_force_configure': False, 'cmake_target': None, 'cmake_target_skip_unavailable': False, 'install_base': '/home/rmc/ros2cli/install/ros2lifecycle_test_fixtures', 'merge_install': False, 'path': '/home/rmc/ros2cli/ros2lifecycle_test_fixtures', 'symlink_install': True, 'test_result_base': None}
[0.123s] Level 5:colcon.colcon_core.verb:set package 'ros2action' build argument 'cmake_args' from command line to 'None'
[0.123s] Level 5:colcon.colcon_core.verb:set package 'ros2action' build argument 'cmake_target' from command line to 'None'
[0.123s] Level 5:colcon.colcon_core.verb:set package 'ros2action' build argument 'cmake_target_skip_unavailable' from command line to 'False'
[0.123s] Level 5:colcon.colcon_core.verb:set package 'ros2action' build argument 'cmake_clean_cache' from command line to 'False'
[0.123s] Level 5:colcon.colcon_core.verb:set package 'ros2action' build argument 'cmake_clean_first' from command line to 'False'
[0.123s] Level 5:colcon.colcon_core.verb:set package 'ros2action' build argument 'cmake_force_configure' from command line to 'False'
[0.123s] Level 5:colcon.colcon_core.verb:set package 'ros2action' build argument 'ament_cmake_args' from command line to 'None'
[0.123s] Level 5:colcon.colcon_core.verb:set package 'ros2action' build argument 'catkin_cmake_args' from command line to 'None'
[0.123s] Level 5:colcon.colcon_core.verb:set package 'ros2action' build argument 'catkin_skip_building_tests' from command line to 'False'
[0.123s] DEBUG:colcon.colcon_core.verb:Building package 'ros2action' with the following arguments: {'ament_cmake_args': None, 'build_base': '/home/rmc/ros2cli/build/ros2action', 'catkin_cmake_args': None, 'catkin_skip_building_tests': False, 'cmake_args': None, 'cmake_clean_cache': False, 'cmake_clean_first': False, 'cmake_force_configure': False, 'cmake_target': None, 'cmake_target_skip_unavailable': False, 'install_base': '/home/rmc/ros2cli/install/ros2action', 'merge_install': False, 'path': '/home/rmc/ros2cli/ros2action', 'symlink_install': True, 'test_result_base': None}
[0.123s] Level 5:colcon.colcon_core.verb:set package 'ros2interface' build argument 'cmake_args' from command line to 'None'
[0.123s] Level 5:colcon.colcon_core.verb:set package 'ros2interface' build argument 'cmake_target' from command line to 'None'
[0.123s] Level 5:colcon.colcon_core.verb:set package 'ros2interface' build argument 'cmake_target_skip_unavailable' from command line to 'False'
[0.123s] Level 5:colcon.colcon_core.verb:set package 'ros2interface' build argument 'cmake_clean_cache' from command line to 'False'
[0.123s] Level 5:colcon.colcon_core.verb:set package 'ros2interface' build argument 'cmake_clean_first' from command line to 'False'
[0.123s] Level 5:colcon.colcon_core.verb:set package 'ros2interface' build argument 'cmake_force_configure' from command line to 'False'
[0.123s] Level 5:colcon.colcon_core.verb:set package 'ros2interface' build argument 'ament_cmake_args' from command line to 'None'
[0.123s] Level 5:colcon.colcon_core.verb:set package 'ros2interface' build argument 'catkin_cmake_args' from command line to 'None'
[0.123s] Level 5:colcon.colcon_core.verb:set package 'ros2interface' build argument 'catkin_skip_building_tests' from command line to 'False'
[0.123s] DEBUG:colcon.colcon_core.verb:Building package 'ros2interface' with the following arguments: {'ament_cmake_args': None, 'build_base': '/home/rmc/ros2cli/build/ros2interface', 'catkin_cmake_args': None, 'catkin_skip_building_tests': False, 'cmake_args': None, 'cmake_clean_cache': False, 'cmake_clean_first': False, 'cmake_force_configure': False, 'cmake_target': None, 'cmake_target_skip_unavailable': False, 'install_base': '/home/rmc/ros2cli/install/ros2interface', 'merge_install': False, 'path': '/home/rmc/ros2cli/ros2interface', 'symlink_install': True, 'test_result_base': None}
[0.123s] Level 5:colcon.colcon_core.verb:set package 'ros2multicast' build argument 'cmake_args' from command line to 'None'
[0.123s] Level 5:colcon.colcon_core.verb:set package 'ros2multicast' build argument 'cmake_target' from command line to 'None'
[0.123s] Level 5:colcon.colcon_core.verb:set package 'ros2multicast' build argument 'cmake_target_skip_unavailable' from command line to 'False'
[0.123s] Level 5:colcon.colcon_core.verb:set package 'ros2multicast' build argument 'cmake_clean_cache' from command line to 'False'
[0.123s] Level 5:colcon.colcon_core.verb:set package 'ros2multicast' build argument 'cmake_clean_first' from command line to 'False'
[0.123s] Level 5:colcon.colcon_core.verb:set package 'ros2multicast' build argument 'cmake_force_configure' from command line to 'False'
[0.123s] Level 5:colcon.colcon_core.verb:set package 'ros2multicast' build argument 'ament_cmake_args' from command line to 'None'
[0.123s] Level 5:colcon.colcon_core.verb:set package 'ros2multicast' build argument 'catkin_cmake_args' from command line to 'None'
[0.123s] Level 5:colcon.colcon_core.verb:set package 'ros2multicast' build argument 'catkin_skip_building_tests' from command line to 'False'
[0.123s] DEBUG:colcon.colcon_core.verb:Building package 'ros2multicast' with the following arguments: {'ament_cmake_args': None, 'build_base': '/home/rmc/ros2cli/build/ros2multicast', 'catkin_cmake_args': None, 'catkin_skip_building_tests': False, 'cmake_args': None, 'cmake_clean_cache': False, 'cmake_clean_first': False, 'cmake_force_configure': False, 'cmake_target': None, 'cmake_target_skip_unavailable': False, 'install_base': '/home/rmc/ros2cli/install/ros2multicast', 'merge_install': False, 'path': '/home/rmc/ros2cli/ros2multicast', 'symlink_install': True, 'test_result_base': None}
[0.123s] Level 5:colcon.colcon_core.verb:set package 'ros2node' build argument 'cmake_args' from command line to 'None'
[0.123s] Level 5:colcon.colcon_core.verb:set package 'ros2node' build argument 'cmake_target' from command line to 'None'
[0.124s] Level 5:colcon.colcon_core.verb:set package 'ros2node' build argument 'cmake_target_skip_unavailable' from command line to 'False'
[0.124s] Level 5:colcon.colcon_core.verb:set package 'ros2node' build argument 'cmake_clean_cache' from command line to 'False'
[0.124s] Level 5:colcon.colcon_core.verb:set package 'ros2node' build argument 'cmake_clean_first' from command line to 'False'
[0.124s] Level 5:colcon.colcon_core.verb:set package 'ros2node' build argument 'cmake_force_configure' from command line to 'False'
[0.124s] Level 5:colcon.colcon_core.verb:set package 'ros2node' build argument 'ament_cmake_args' from command line to 'None'
[0.124s] Level 5:colcon.colcon_core.verb:set package 'ros2node' build argument 'catkin_cmake_args' from command line to 'None'
[0.124s] Level 5:colcon.colcon_core.verb:set package 'ros2node' build argument 'catkin_skip_building_tests' from command line to 'False'
[0.124s] DEBUG:colcon.colcon_core.verb:Building package 'ros2node' with the following arguments: {'ament_cmake_args': None, 'build_base': '/home/rmc/ros2cli/build/ros2node', 'catkin_cmake_args': None, 'catkin_skip_building_tests': False, 'cmake_args': None, 'cmake_clean_cache': False, 'cmake_clean_first': False, 'cmake_force_configure': False, 'cmake_target': None, 'cmake_target_skip_unavailable': False, 'install_base': '/home/rmc/ros2cli/install/ros2node', 'merge_install': False, 'path': '/home/rmc/ros2cli/ros2node', 'symlink_install': True, 'test_result_base': None}
[0.124s] Level 5:colcon.colcon_core.verb:set package 'ros2pkg' build argument 'cmake_args' from command line to 'None'
[0.124s] Level 5:colcon.colcon_core.verb:set package 'ros2pkg' build argument 'cmake_target' from command line to 'None'
[0.124s] Level 5:colcon.colcon_core.verb:set package 'ros2pkg' build argument 'cmake_target_skip_unavailable' from command line to 'False'
[0.124s] Level 5:colcon.colcon_core.verb:set package 'ros2pkg' build argument 'cmake_clean_cache' from command line to 'False'
[0.124s] Level 5:colcon.colcon_core.verb:set package 'ros2pkg' build argument 'cmake_clean_first' from command line to 'False'
[0.124s] Level 5:colcon.colcon_core.verb:set package 'ros2pkg' build argument 'cmake_force_configure' from command line to 'False'
[0.124s] Level 5:colcon.colcon_core.verb:set package 'ros2pkg' build argument 'ament_cmake_args' from command line to 'None'
[0.124s] Level 5:colcon.colcon_core.verb:set package 'ros2pkg' build argument 'catkin_cmake_args' from command line to 'None'
[0.124s] Level 5:colcon.colcon_core.verb:set package 'ros2pkg' build argument 'catkin_skip_building_tests' from command line to 'False'
[0.124s] DEBUG:colcon.colcon_core.verb:Building package 'ros2pkg' with the following arguments: {'ament_cmake_args': None, 'build_base': '/home/rmc/ros2cli/build/ros2pkg', 'catkin_cmake_args': None, 'catkin_skip_building_tests': False, 'cmake_args': None, 'cmake_clean_cache': False, 'cmake_clean_first': False, 'cmake_force_configure': False, 'cmake_target': None, 'cmake_target_skip_unavailable': False, 'install_base': '/home/rmc/ros2cli/install/ros2pkg', 'merge_install': False, 'path': '/home/rmc/ros2cli/ros2pkg', 'symlink_install': True, 'test_result_base': None}
[0.124s] Level 5:colcon.colcon_core.verb:set package 'ros2service' build argument 'cmake_args' from command line to 'None'
[0.124s] Level 5:colcon.colcon_core.verb:set package 'ros2service' build argument 'cmake_target' from command line to 'None'
[0.124s] Level 5:colcon.colcon_core.verb:set package 'ros2service' build argument 'cmake_target_skip_unavailable' from command line to 'False'
[0.124s] Level 5:colcon.colcon_core.verb:set package 'ros2service' build argument 'cmake_clean_cache' from command line to 'False'
[0.124s] Level 5:colcon.colcon_core.verb:set package 'ros2service' build argument 'cmake_clean_first' from command line to 'False'
[0.124s] Level 5:colcon.colcon_core.verb:set package 'ros2service' build argument 'cmake_force_configure' from command line to 'False'
[0.124s] Level 5:colcon.colcon_core.verb:set package 'ros2service' build argument 'ament_cmake_args' from command line to 'None'
[0.124s] Level 5:colcon.colcon_core.verb:set package 'ros2service' build argument 'catkin_cmake_args' from command line to 'None'
[0.124s] Level 5:colcon.colcon_core.verb:set package 'ros2service' build argument 'catkin_skip_building_tests' from command line to 'False'
[0.124s] DEBUG:colcon.colcon_core.verb:Building package 'ros2service' with the following arguments: {'ament_cmake_args': None, 'build_base': '/home/rmc/ros2cli/build/ros2service', 'catkin_cmake_args': None, 'catkin_skip_building_tests': False, 'cmake_args': None, 'cmake_clean_cache': False, 'cmake_clean_first': False, 'cmake_force_configure': False, 'cmake_target': None, 'cmake_target_skip_unavailable': False, 'install_base': '/home/rmc/ros2cli/install/ros2service', 'merge_install': False, 'path': '/home/rmc/ros2cli/ros2service', 'symlink_install': True, 'test_result_base': None}
[0.124s] Level 5:colcon.colcon_core.verb:set package 'ros2topic' build argument 'cmake_args' from command line to 'None'
[0.124s] Level 5:colcon.colcon_core.verb:set package 'ros2topic' build argument 'cmake_target' from command line to 'None'
[0.124s] Level 5:colcon.colcon_core.verb:set package 'ros2topic' build argument 'cmake_target_skip_unavailable' from command line to 'False'
[0.124s] Level 5:colcon.colcon_core.verb:set package 'ros2topic' build argument 'cmake_clean_cache' from command line to 'False'
[0.124s] Level 5:colcon.colcon_core.verb:set package 'ros2topic' build argument 'cmake_clean_first' from command line to 'False'
[0.124s] Level 5:colcon.colcon_core.verb:set package 'ros2topic' build argument 'cmake_force_configure' from command line to 'False'
[0.124s] Level 5:colcon.colcon_core.verb:set package 'ros2topic' build argument 'ament_cmake_args' from command line to 'None'
[0.124s] Level 5:colcon.colcon_core.verb:set package 'ros2topic' build argument 'catkin_cmake_args' from command line to 'None'
[0.124s] Level 5:colcon.colcon_core.verb:set package 'ros2topic' build argument 'catkin_skip_building_tests' from command line to 'False'
[0.124s] DEBUG:colcon.colcon_core.verb:Building package 'ros2topic' with the following arguments: {'ament_cmake_args': None, 'build_base': '/home/rmc/ros2cli/build/ros2topic', 'catkin_cmake_args': None, 'catkin_skip_building_tests': False, 'cmake_args': None, 'cmake_clean_cache': False, 'cmake_clean_first': False, 'cmake_force_configure': False, 'cmake_target': None, 'cmake_target_skip_unavailable': False, 'install_base': '/home/rmc/ros2cli/install/ros2topic', 'merge_install': False, 'path': '/home/rmc/ros2cli/ros2topic', 'symlink_install': True, 'test_result_base': None}
[0.124s] Level 5:colcon.colcon_core.verb:set package 'ros2doctor' build argument 'cmake_args' from command line to 'None'
[0.124s] Level 5:colcon.colcon_core.verb:set package 'ros2doctor' build argument 'cmake_target' from command line to 'None'
[0.124s] Level 5:colcon.colcon_core.verb:set package 'ros2doctor' build argument 'cmake_target_skip_unavailable' from command line to 'False'
[0.124s] Level 5:colcon.colcon_core.verb:set package 'ros2doctor' build argument 'cmake_clean_cache' from command line to 'False'
[0.124s] Level 5:colcon.colcon_core.verb:set package 'ros2doctor' build argument 'cmake_clean_first' from command line to 'False'
[0.124s] Level 5:colcon.colcon_core.verb:set package 'ros2doctor' build argument 'cmake_force_configure' from command line to 'False'
[0.124s] Level 5:colcon.colcon_core.verb:set package 'ros2doctor' build argument 'ament_cmake_args' from command line to 'None'
[0.124s] Level 5:colcon.colcon_core.verb:set package 'ros2doctor' build argument 'catkin_cmake_args' from command line to 'None'
[0.124s] Level 5:colcon.colcon_core.verb:set package 'ros2doctor' build argument 'catkin_skip_building_tests' from command line to 'False'
[0.124s] DEBUG:colcon.colcon_core.verb:Building package 'ros2doctor' with the following arguments: {'ament_cmake_args': None, 'build_base': '/home/rmc/ros2cli/build/ros2doctor', 'catkin_cmake_args': None, 'catkin_skip_building_tests': False, 'cmake_args': None, 'cmake_clean_cache': False, 'cmake_clean_first': False, 'cmake_force_configure': False, 'cmake_target': None, 'cmake_target_skip_unavailable': False, 'install_base': '/home/rmc/ros2cli/install/ros2doctor', 'merge_install': False, 'path': '/home/rmc/ros2cli/ros2doctor', 'symlink_install': True, 'test_result_base': None}
[0.124s] Level 5:colcon.colcon_core.verb:set package 'ros2lifecycle' build argument 'cmake_args' from command line to 'None'
[0.124s] Level 5:colcon.colcon_core.verb:set package 'ros2lifecycle' build argument 'cmake_target' from command line to 'None'
[0.124s] Level 5:colcon.colcon_core.verb:set package 'ros2lifecycle' build argument 'cmake_target_skip_unavailable' from command line to 'False'
[0.124s] Level 5:colcon.colcon_core.verb:set package 'ros2lifecycle' build argument 'cmake_clean_cache' from command line to 'False'
[0.124s] Level 5:colcon.colcon_core.verb:set package 'ros2lifecycle' build argument 'cmake_clean_first' from command line to 'False'
[0.124s] Level 5:colcon.colcon_core.verb:set package 'ros2lifecycle' build argument 'cmake_force_configure' from command line to 'False'
[0.124s] Level 5:colcon.colcon_core.verb:set package 'ros2lifecycle' build argument 'ament_cmake_args' from command line to 'None'
[0.124s] Level 5:colcon.colcon_core.verb:set package 'ros2lifecycle' build argument 'catkin_cmake_args' from command line to 'None'
[0.124s] Level 5:colcon.colcon_core.verb:set package 'ros2lifecycle' build argument 'catkin_skip_building_tests' from command line to 'False'
[0.124s] DEBUG:colcon.colcon_core.verb:Building package 'ros2lifecycle' with the following arguments: {'ament_cmake_args': None, 'build_base': '/home/rmc/ros2cli/build/ros2lifecycle', 'catkin_cmake_args': None, 'catkin_skip_building_tests': False, 'cmake_args': None, 'cmake_clean_cache': False, 'cmake_clean_first': False, 'cmake_force_configure': False, 'cmake_target': None, 'cmake_target_skip_unavailable': False, 'install_base': '/home/rmc/ros2cli/install/ros2lifecycle', 'merge_install': False, 'path': '/home/rmc/ros2cli/ros2lifecycle', 'symlink_install': True, 'test_result_base': None}
[0.124s] Level 5:colcon.colcon_core.verb:set package 'ros2param' build argument 'cmake_args' from command line to 'None'
[0.124s] Level 5:colcon.colcon_core.verb:set package 'ros2param' build argument 'cmake_target' from command line to 'None'
[0.124s] Level 5:colcon.colcon_core.verb:set package 'ros2param' build argument 'cmake_target_skip_unavailable' from command line to 'False'
[0.124s] Level 5:colcon.colcon_core.verb:set package 'ros2param' build argument 'cmake_clean_cache' from command line to 'False'
[0.124s] Level 5:colcon.colcon_core.verb:set package 'ros2param' build argument 'cmake_clean_first' from command line to 'False'
[0.124s] Level 5:colcon.colcon_core.verb:set package 'ros2param' build argument 'cmake_force_configure' from command line to 'False'
[0.124s] Level 5:colcon.colcon_core.verb:set package 'ros2param' build argument 'ament_cmake_args' from command line to 'None'
[0.124s] Level 5:colcon.colcon_core.verb:set package 'ros2param' build argument 'catkin_cmake_args' from command line to 'None'
[0.124s] Level 5:colcon.colcon_core.verb:set package 'ros2param' build argument 'catkin_skip_building_tests' from command line to 'False'
[0.124s] DEBUG:colcon.colcon_core.verb:Building package 'ros2param' with the following arguments: {'ament_cmake_args': None, 'build_base': '/home/rmc/ros2cli/build/ros2param', 'catkin_cmake_args': None, 'catkin_skip_building_tests': False, 'cmake_args': None, 'cmake_clean_cache': False, 'cmake_clean_first': False, 'cmake_force_configure': False, 'cmake_target': None, 'cmake_target_skip_unavailable': False, 'install_base': '/home/rmc/ros2cli/install/ros2param', 'merge_install': False, 'path': '/home/rmc/ros2cli/ros2param', 'symlink_install': True, 'test_result_base': None}
[0.125s] Level 5:colcon.colcon_core.verb:set package 'ros2run' build argument 'cmake_args' from command line to 'None'
[0.125s] Level 5:colcon.colcon_core.verb:set package 'ros2run' build argument 'cmake_target' from command line to 'None'
[0.125s] Level 5:colcon.colcon_core.verb:set package 'ros2run' build argument 'cmake_target_skip_unavailable' from command line to 'False'
[0.125s] Level 5:colcon.colcon_core.verb:set package 'ros2run' build argument 'cmake_clean_cache' from command line to 'False'
[0.125s] Level 5:colcon.colcon_core.verb:set package 'ros2run' build argument 'cmake_clean_first' from command line to 'False'
[0.125s] Level 5:colcon.colcon_core.verb:set package 'ros2run' build argument 'cmake_force_configure' from command line to 'False'
[0.125s] Level 5:colcon.colcon_core.verb:set package 'ros2run' build argument 'ament_cmake_args' from command line to 'None'
[0.125s] Level 5:colcon.colcon_core.verb:set package 'ros2run' build argument 'catkin_cmake_args' from command line to 'None'
[0.125s] Level 5:colcon.colcon_core.verb:set package 'ros2run' build argument 'catkin_skip_building_tests' from command line to 'False'
[0.125s] DEBUG:colcon.colcon_core.verb:Building package 'ros2run' with the following arguments: {'ament_cmake_args': None, 'build_base': '/home/rmc/ros2cli/build/ros2run', 'catkin_cmake_args': None, 'catkin_skip_building_tests': False, 'cmake_args': None, 'cmake_clean_cache': False, 'cmake_clean_first': False, 'cmake_force_configure': False, 'cmake_target': None, 'cmake_target_skip_unavailable': False, 'install_base': '/home/rmc/ros2cli/install/ros2run', 'merge_install': False, 'path': '/home/rmc/ros2cli/ros2run', 'symlink_install': True, 'test_result_base': None}
[0.125s] Level 5:colcon.colcon_core.verb:set package 'ros2component' build argument 'cmake_args' from command line to 'None'
[0.125s] Level 5:colcon.colcon_core.verb:set package 'ros2component' build argument 'cmake_target' from command line to 'None'
[0.125s] Level 5:colcon.colcon_core.verb:set package 'ros2component' build argument 'cmake_target_skip_unavailable' from command line to 'False'
[0.125s] Level 5:colcon.colcon_core.verb:set package 'ros2component' build argument 'cmake_clean_cache' from command line to 'False'
[0.125s] Level 5:colcon.colcon_core.verb:set package 'ros2component' build argument 'cmake_clean_first' from command line to 'False'
[0.125s] Level 5:colcon.colcon_core.verb:set package 'ros2component' build argument 'cmake_force_configure' from command line to 'False'
[0.125s] Level 5:colcon.colcon_core.verb:set package 'ros2component' build argument 'ament_cmake_args' from command line to 'None'
[0.125s] Level 5:colcon.colcon_core.verb:set package 'ros2component' build argument 'catkin_cmake_args' from command line to 'None'
[0.125s] Level 5:colcon.colcon_core.verb:set package 'ros2component' build argument 'catkin_skip_building_tests' from command line to 'False'
[0.125s] DEBUG:colcon.colcon_core.verb:Building package 'ros2component' with the following arguments: {'ament_cmake_args': None, 'build_base': '/home/rmc/ros2cli/build/ros2component', 'catkin_cmake_args': None, 'catkin_skip_building_tests': False, 'cmake_args': None, 'cmake_clean_cache': False, 'cmake_clean_first': False, 'cmake_force_configure': False, 'cmake_target': None, 'cmake_target_skip_unavailable': False, 'install_base': '/home/rmc/ros2cli/install/ros2component', 'merge_install': False, 'path': '/home/rmc/ros2cli/ros2component', 'symlink_install': True, 'test_result_base': None}
[0.125s] INFO:colcon.colcon_core.executor:Executing jobs using 'parallel' executor
[0.125s] DEBUG:colcon.colcon_parallel_executor.executor.parallel:run_until_complete
[0.126s] INFO:colcon.colcon_ros.task.ament_python.build:Building ROS package in '/home/rmc/ros2cli/ros2cli' with build type 'ament_python'
[0.126s] Level 1:colcon.colcon_core.shell:create_environment_hook('ros2cli', 'ament_prefix_path')
[0.127s] INFO:colcon.colcon_core.plugin_system:Skipping extension 'colcon_core.shell.bat': Not used on non-Windows systems
[0.127s] INFO:colcon.colcon_core.shell:Creating environment hook '/home/rmc/ros2cli/install/ros2cli/share/ros2cli/hook/ament_prefix_path.ps1'
[0.127s] INFO:colcon.colcon_core.shell:Creating environment descriptor '/home/rmc/ros2cli/install/ros2cli/share/ros2cli/hook/ament_prefix_path.dsv'
[0.127s] INFO:colcon.colcon_core.shell:Creating environment hook '/home/rmc/ros2cli/install/ros2cli/share/ros2cli/hook/ament_prefix_path.sh'
[0.127s] INFO:colcon.colcon_core.shell:Skip shell extension 'powershell' for command environment: Not usable outside of PowerShell
[0.127s] DEBUG:colcon.colcon_core.shell:Skip shell extension 'dsv' for command environment
[0.129s] INFO:colcon.colcon_ros.task.ament_cmake.build:Building ROS package in '/home/rmc/ros2cli/ros2cli_test_interfaces' with build type 'ament_cmake'
[0.129s] INFO:colcon.colcon_cmake.task.cmake.build:Building CMake package in '/home/rmc/ros2cli/ros2cli_test_interfaces'
[0.129s] INFO:colcon.colcon_core.shell:Skip shell extension 'powershell' for command environment: Not usable outside of PowerShell
[0.129s] DEBUG:colcon.colcon_core.shell:Skip shell extension 'dsv' for command environment
[0.130s] INFO:colcon.colcon_ros.task.ament_cmake.build:Building ROS package in '/home/rmc/ros2cli/ros2lifecycle_test_fixtures' with build type 'ament_cmake'
[0.131s] INFO:colcon.colcon_cmake.task.cmake.build:Building CMake package in '/home/rmc/ros2cli/ros2lifecycle_test_fixtures'
[0.131s] INFO:colcon.colcon_core.shell:Skip shell extension 'powershell' for command environment: Not usable outside of PowerShell
[0.131s] DEBUG:colcon.colcon_core.shell:Skip shell extension 'dsv' for command environment
[0.235s] INFO:colcon.colcon_core.task.python.build:Building Python package in '/home/rmc/ros2cli/ros2cli'
[0.235s] INFO:colcon.colcon_core.shell:Skip shell extension 'powershell' for command environment: Not usable outside of PowerShell
[0.235s] DEBUG:colcon.colcon_core.shell:Skip shell extension 'dsv' for command environment
[0.238s] DEBUG:colcon.colcon_core.event_handler.log_command:Invoking command in '/home/rmc/ros2cli/build/ros2cli_test_interfaces': CMAKE_PREFIX_PATH=${CMAKE_PREFIX_PATH}:/opt/ros/rolling DEBUGINFOD_URLS=https://debuginfod.ubuntu.com /usr/bin/cmake /home/rmc/ros2cli/ros2cli_test_interfaces -DAMENT_CMAKE_SYMLINK_INSTALL=1 -DCMAKE_INSTALL_PREFIX=/home/rmc/ros2cli/install/ros2cli_test_interfaces
[0.240s] DEBUG:colcon.colcon_core.event_handler.log_command:Invoking command in '/home/rmc/ros2cli/build/ros2lifecycle_test_fixtures': CMAKE_PREFIX_PATH=${CMAKE_PREFIX_PATH}:/opt/ros/rolling DEBUGINFOD_URLS=https://debuginfod.ubuntu.com /usr/bin/cmake /home/rmc/ros2cli/ros2lifecycle_test_fixtures -DAMENT_CMAKE_SYMLINK_INSTALL=1 -DCMAKE_INSTALL_PREFIX=/home/rmc/ros2cli/install/ros2lifecycle_test_fixtures
[0.554s] DEBUG:colcon.colcon_core.event_handler.log_command:Invoking command in '/home/rmc/ros2cli/build/ros2cli': DEBUGINFOD_URLS=https://debuginfod.ubuntu.com PYTHONPATH=/home/rmc/ros2cli/build/ros2cli/prefix_override:/usr/lib/python3/dist-packages/colcon_core/task/python/colcon_distutils_commands:/home/rmc/ros2cli/install/ros2cli/lib/python3.12/site-packages:${PYTHONPATH} /usr/bin/python3 -W ignore:setup.py install is deprecated -W ignore:easy_install command is deprecated setup.py develop --editable --build-directory /home/rmc/ros2cli/build/ros2cli/build --no-deps symlink_data
[0.923s] Level 1:colcon.colcon_core.shell:create_environment_hook('ros2cli', 'pythonpath_develop')
[0.924s] INFO:colcon.colcon_core.shell:Creating environment hook '/home/rmc/ros2cli/build/ros2cli/share/ros2cli/hook/pythonpath_develop.ps1'
[0.924s] DEBUG:colcon.colcon_core.event_handler.log_command:Invoked command in '/home/rmc/ros2cli/build/ros2cli' returned '0': DEBUGINFOD_URLS=https://debuginfod.ubuntu.com PYTHONPATH=/home/rmc/ros2cli/build/ros2cli/prefix_override:/usr/lib/python3/dist-packages/colcon_core/task/python/colcon_distutils_commands:/home/rmc/ros2cli/install/ros2cli/lib/python3.12/site-packages:${PYTHONPATH} /usr/bin/python3 -W ignore:setup.py install is deprecated -W ignore:easy_install command is deprecated setup.py develop --editable --build-directory /home/rmc/ros2cli/build/ros2cli/build --no-deps symlink_data
[0.924s] INFO:colcon.colcon_core.shell:Creating environment descriptor '/home/rmc/ros2cli/build/ros2cli/share/ros2cli/hook/pythonpath_develop.dsv'
[0.924s] INFO:colcon.colcon_core.shell:Creating environment hook '/home/rmc/ros2cli/build/ros2cli/share/ros2cli/hook/pythonpath_develop.sh'
[0.925s] Level 1:colcon.colcon_core.environment:checking '/home/rmc/ros2cli/install/ros2cli' for CMake module files
[0.926s] Level 1:colcon.colcon_core.environment:checking '/home/rmc/ros2cli/install/ros2cli' for CMake config files
[0.926s] Level 1:colcon.colcon_core.environment:checking '/home/rmc/ros2cli/install/ros2cli/lib'
[0.926s] Level 1:colcon.colcon_core.environment:checking '/home/rmc/ros2cli/install/ros2cli/bin'
[0.926s] Level 1:colcon.colcon_core.shell:create_environment_hook('ros2cli', 'path')
[0.926s] INFO:colcon.colcon_core.shell:Creating environment hook '/home/rmc/ros2cli/install/ros2cli/share/ros2cli/hook/path.ps1'
[0.926s] INFO:colcon.colcon_core.shell:Creating environment descriptor '/home/rmc/ros2cli/install/ros2cli/share/ros2cli/hook/path.dsv'
[0.926s] INFO:colcon.colcon_core.shell:Creating environment hook '/home/rmc/ros2cli/install/ros2cli/share/ros2cli/hook/path.sh'
[0.927s] Level 1:colcon.colcon_core.environment:checking '/home/rmc/ros2cli/install/ros2cli/lib/pkgconfig/ros2cli.pc'
[0.927s] Level 1:colcon.colcon_core.environment:checking '/home/rmc/ros2cli/install/ros2cli/lib/python3.12/site-packages'
[0.927s] Level 1:colcon.colcon_core.shell:create_environment_hook('ros2cli', 'pythonpath')
[0.927s] INFO:colcon.colcon_core.shell:Creating environment hook '/home/rmc/ros2cli/install/ros2cli/share/ros2cli/hook/pythonpath.ps1'
[0.927s] INFO:colcon.colcon_core.shell:Creating environment descriptor '/home/rmc/ros2cli/install/ros2cli/share/ros2cli/hook/pythonpath.dsv'
[0.927s] INFO:colcon.colcon_core.shell:Creating environment hook '/home/rmc/ros2cli/install/ros2cli/share/ros2cli/hook/pythonpath.sh'
[0.927s] Level 1:colcon.colcon_core.environment:checking '/home/rmc/ros2cli/install/ros2cli/bin'
[0.927s] Level 1:colcon.colcon_core.shell:create_environment_hook('ros2cli', 'pythonscriptspath')
[0.928s] INFO:colcon.colcon_core.shell:Creating environment hook '/home/rmc/ros2cli/install/ros2cli/share/ros2cli/hook/pythonscriptspath.ps1'
[0.928s] INFO:colcon.colcon_core.shell:Creating environment descriptor '/home/rmc/ros2cli/install/ros2cli/share/ros2cli/hook/pythonscriptspath.dsv'
[0.928s] INFO:colcon.colcon_core.shell:Creating environment hook '/home/rmc/ros2cli/install/ros2cli/share/ros2cli/hook/pythonscriptspath.sh'
[0.928s] Level 1:colcon.colcon_core.environment:create_environment_scripts_only(ros2cli)
[0.928s] INFO:colcon.colcon_core.shell:Creating package script '/home/rmc/ros2cli/install/ros2cli/share/ros2cli/package.ps1'
[0.928s] INFO:colcon.colcon_core.shell:Creating package descriptor '/home/rmc/ros2cli/install/ros2cli/share/ros2cli/package.dsv'
[0.929s] INFO:colcon.colcon_core.shell:Creating package script '/home/rmc/ros2cli/install/ros2cli/share/ros2cli/package.sh'
[0.929s] INFO:colcon.colcon_core.shell:Creating package script '/home/rmc/ros2cli/install/ros2cli/share/ros2cli/package.bash'
[0.929s] INFO:colcon.colcon_core.shell:Creating package script '/home/rmc/ros2cli/install/ros2cli/share/ros2cli/package.zsh'
[0.930s] Level 1:colcon.colcon_core.environment:create_file_with_runtime_dependencies(/home/rmc/ros2cli/install/ros2cli/share/colcon-core/packages/ros2cli)
[0.930s] INFO:colcon.colcon_ros.task.ament_python.build:Building ROS package in '/home/rmc/ros2cli/ros2node' with build type 'ament_python'
[0.930s] Level 1:colcon.colcon_core.shell:create_environment_hook('ros2node', 'ament_prefix_path')
[0.930s] INFO:colcon.colcon_core.shell:Creating environment hook '/home/rmc/ros2cli/install/ros2node/share/ros2node/hook/ament_prefix_path.ps1'
[0.930s] INFO:colcon.colcon_core.shell:Creating environment descriptor '/home/rmc/ros2cli/install/ros2node/share/ros2node/hook/ament_prefix_path.dsv'
[0.930s] INFO:colcon.colcon_core.shell:Creating environment hook '/home/rmc/ros2cli/install/ros2node/share/ros2node/hook/ament_prefix_path.sh'
[0.931s] INFO:colcon.colcon_core.shell:Skip shell extension 'powershell' for command environment: Not usable outside of PowerShell
[0.931s] DEBUG:colcon.colcon_core.shell:Skip shell extension 'dsv' for command environment
[0.932s] INFO:colcon.colcon_ros.task.ament_python.build:Building ROS package in '/home/rmc/ros2cli/ros2service' with build type 'ament_python'
[0.932s] Level 1:colcon.colcon_core.shell:create_environment_hook('ros2service', 'ament_prefix_path')
[0.932s] INFO:colcon.colcon_core.shell:Creating environment hook '/home/rmc/ros2cli/install/ros2service/share/ros2service/hook/ament_prefix_path.ps1'
[0.932s] INFO:colcon.colcon_core.shell:Creating environment descriptor '/home/rmc/ros2cli/install/ros2service/share/ros2service/hook/ament_prefix_path.dsv'
[0.932s] INFO:colcon.colcon_core.shell:Creating environment hook '/home/rmc/ros2cli/install/ros2service/share/ros2service/hook/ament_prefix_path.sh'
[0.933s] INFO:colcon.colcon_core.shell:Skip shell extension 'powershell' for command environment: Not usable outside of PowerShell
[0.933s] DEBUG:colcon.colcon_core.shell:Skip shell extension 'dsv' for command environment
[0.934s] INFO:colcon.colcon_ros.task.ament_python.build:Building ROS package in '/home/rmc/ros2cli/ros2pkg' with build type 'ament_python'
[0.934s] Level 1:colcon.colcon_core.shell:create_environment_hook('ros2pkg', 'ament_prefix_path')
[0.934s] INFO:colcon.colcon_core.shell:Creating environment hook '/home/rmc/ros2cli/install/ros2pkg/share/ros2pkg/hook/ament_prefix_path.ps1'
[0.934s] INFO:colcon.colcon_core.shell:Creating environment descriptor '/home/rmc/ros2cli/install/ros2pkg/share/ros2pkg/hook/ament_prefix_path.dsv'
[0.934s] INFO:colcon.colcon_core.shell:Creating environment hook '/home/rmc/ros2cli/install/ros2pkg/share/ros2pkg/hook/ament_prefix_path.sh'
[0.935s] INFO:colcon.colcon_core.shell:Skip shell extension 'powershell' for command environment: Not usable outside of PowerShell
[0.935s] DEBUG:colcon.colcon_core.shell:Skip shell extension 'dsv' for command environment
[0.936s] INFO:colcon.colcon_ros.task.ament_python.build:Building ROS package in '/home/rmc/ros2cli/ros2action' with build type 'ament_python'
[0.936s] Level 1:colcon.colcon_core.shell:create_environment_hook('ros2action', 'ament_prefix_path')
[0.936s] INFO:colcon.colcon_core.shell:Creating environment hook '/home/rmc/ros2cli/install/ros2action/share/ros2action/hook/ament_prefix_path.ps1'
[0.936s] INFO:colcon.colcon_core.shell:Creating environment descriptor '/home/rmc/ros2cli/install/ros2action/share/ros2action/hook/ament_prefix_path.dsv'
[0.936s] INFO:colcon.colcon_core.shell:Creating environment hook '/home/rmc/ros2cli/install/ros2action/share/ros2action/hook/ament_prefix_path.sh'
[0.936s] INFO:colcon.colcon_core.shell:Skip shell extension 'powershell' for command environment: Not usable outside of PowerShell
[0.936s] DEBUG:colcon.colcon_core.shell:Skip shell extension 'dsv' for command environment
[0.938s] INFO:colcon.colcon_ros.task.ament_python.build:Building ROS package in '/home/rmc/ros2cli/ros2multicast' with build type 'ament_python'
[0.938s] Level 1:colcon.colcon_core.shell:create_environment_hook('ros2multicast', 'ament_prefix_path')
[0.938s] INFO:colcon.colcon_core.shell:Creating environment hook '/home/rmc/ros2cli/install/ros2multicast/share/ros2multicast/hook/ament_prefix_path.ps1'
[0.938s] INFO:colcon.colcon_core.shell:Creating environment descriptor '/home/rmc/ros2cli/install/ros2multicast/share/ros2multicast/hook/ament_prefix_path.dsv'
[0.938s] INFO:colcon.colcon_core.shell:Creating environment hook '/home/rmc/ros2cli/install/ros2multicast/share/ros2multicast/hook/ament_prefix_path.sh'
[0.938s] INFO:colcon.colcon_core.shell:Skip shell extension 'powershell' for command environment: Not usable outside of PowerShell
[0.938s] DEBUG:colcon.colcon_core.shell:Skip shell extension 'dsv' for command environment
[0.939s] INFO:colcon.colcon_ros.task.ament_python.build:Building ROS package in '/home/rmc/ros2cli/ros2topic' with build type 'ament_python'
[0.939s] Level 1:colcon.colcon_core.shell:create_environment_hook('ros2topic', 'ament_prefix_path')
[0.940s] INFO:colcon.colcon_core.shell:Creating environment hook '/home/rmc/ros2cli/install/ros2topic/share/ros2topic/hook/ament_prefix_path.ps1'
[0.940s] INFO:colcon.colcon_core.shell:Creating environment descriptor '/home/rmc/ros2cli/install/ros2topic/share/ros2topic/hook/ament_prefix_path.dsv'
[0.940s] INFO:colcon.colcon_core.shell:Creating environment hook '/home/rmc/ros2cli/install/ros2topic/share/ros2topic/hook/ament_prefix_path.sh'
[0.940s] INFO:colcon.colcon_core.shell:Skip shell extension 'powershell' for command environment: Not usable outside of PowerShell
[0.940s] DEBUG:colcon.colcon_core.shell:Skip shell extension 'dsv' for command environment
[0.942s] DEBUG:colcon.colcon_core.event_handler.log_command:Invoked command in '/home/rmc/ros2cli/build/ros2lifecycle_test_fixtures' returned '0': CMAKE_PREFIX_PATH=${CMAKE_PREFIX_PATH}:/opt/ros/rolling DEBUGINFOD_URLS=https://debuginfod.ubuntu.com /usr/bin/cmake /home/rmc/ros2cli/ros2lifecycle_test_fixtures -DAMENT_CMAKE_SYMLINK_INSTALL=1 -DCMAKE_INSTALL_PREFIX=/home/rmc/ros2cli/install/ros2lifecycle_test_fixtures
[0.943s] DEBUG:colcon.colcon_core.event_handler.log_command:Invoking command in '/home/rmc/ros2cli/build/ros2lifecycle_test_fixtures': CMAKE_PREFIX_PATH=${CMAKE_PREFIX_PATH}:/opt/ros/rolling DEBUGINFOD_URLS=https://debuginfod.ubuntu.com /usr/bin/cmake --build /home/rmc/ros2cli/build/ros2lifecycle_test_fixtures -- -j32 -l32
[1.057s] INFO:colcon.colcon_core.task.python.build:Building Python package in '/home/rmc/ros2cli/ros2node'
[1.057s] INFO:colcon.colcon_core.shell:Skip shell extension 'powershell' for command environment: Not usable outside of PowerShell
[1.057s] DEBUG:colcon.colcon_core.shell:Skip shell extension 'dsv' for command environment
[1.180s] INFO:colcon.colcon_core.task.python.build:Building Python package in '/home/rmc/ros2cli/ros2service'
[1.180s] INFO:colcon.colcon_core.shell:Skip shell extension 'powershell' for command environment: Not usable outside of PowerShell
[1.180s] DEBUG:colcon.colcon_core.shell:Skip shell extension 'dsv' for command environment
[1.306s] INFO:colcon.colcon_core.task.python.build:Building Python package in '/home/rmc/ros2cli/ros2pkg'
[1.306s] INFO:colcon.colcon_core.shell:Skip shell extension 'powershell' for command environment: Not usable outside of PowerShell
[1.306s] DEBUG:colcon.colcon_core.shell:Skip shell extension 'dsv' for command environment
[1.451s] INFO:colcon.colcon_core.task.python.build:Building Python package in '/home/rmc/ros2cli/ros2action'
[1.451s] INFO:colcon.colcon_core.shell:Skip shell extension 'powershell' for command environment: Not usable outside of PowerShell
[1.451s] DEBUG:colcon.colcon_core.shell:Skip shell extension 'dsv' for command environment
[1.578s] INFO:colcon.colcon_core.task.python.build:Building Python package in '/home/rmc/ros2cli/ros2multicast'
[1.578s] INFO:colcon.colcon_core.shell:Skip shell extension 'powershell' for command environment: Not usable outside of PowerShell
[1.578s] DEBUG:colcon.colcon_core.shell:Skip shell extension 'dsv' for command environment
[1.706s] INFO:colcon.colcon_core.task.python.build:Building Python package in '/home/rmc/ros2cli/ros2topic'
[1.706s] INFO:colcon.colcon_core.shell:Skip shell extension 'powershell' for command environment: Not usable outside of PowerShell
[1.706s] DEBUG:colcon.colcon_core.shell:Skip shell extension 'dsv' for command environment
[2.109s] DEBUG:colcon.colcon_core.event_handler.log_command:Invoking command in '/home/rmc/ros2cli/build/ros2service': AMENT_PREFIX_PATH=/home/rmc/ros2cli/install/ros2cli:${AMENT_PREFIX_PATH} DEBUGINFOD_URLS=https://debuginfod.ubuntu.com PATH=/home/rmc/ros2cli/install/ros2cli/bin:${PATH} PYTHONPATH=/home/rmc/ros2cli/build/ros2service/prefix_override:/usr/lib/python3/dist-packages/colcon_core/task/python/colcon_distutils_commands:/home/rmc/ros2cli/install/ros2service/lib/python3.12/site-packages:/home/rmc/ros2cli/build/ros2cli:/home/rmc/ros2cli/install/ros2cli/lib/python3.12/site-packages:${PYTHONPATH} /usr/bin/python3 -W ignore:setup.py install is deprecated -W ignore:easy_install command is deprecated setup.py develop --editable --build-directory /home/rmc/ros2cli/build/ros2service/build --no-deps symlink_data
[2.125s] DEBUG:colcon.colcon_core.event_handler.log_command:Invoking command in '/home/rmc/ros2cli/build/ros2topic': AMENT_PREFIX_PATH=/home/rmc/ros2cli/install/ros2cli:${AMENT_PREFIX_PATH} DEBUGINFOD_URLS=https://debuginfod.ubuntu.com PATH=/home/rmc/ros2cli/install/ros2cli/bin:${PATH} PYTHONPATH=/home/rmc/ros2cli/build/ros2topic/prefix_override:/usr/lib/python3/dist-packages/colcon_core/task/python/colcon_distutils_commands:/home/rmc/ros2cli/install/ros2topic/lib/python3.12/site-packages:/home/rmc/ros2cli/build/ros2cli:/home/rmc/ros2cli/install/ros2cli/lib/python3.12/site-packages:${PYTHONPATH} /usr/bin/python3 -W ignore:setup.py install is deprecated -W ignore:easy_install command is deprecated setup.py develop --editable --build-directory /home/rmc/ros2cli/build/ros2topic/build --no-deps symlink_data
[2.141s] DEBUG:colcon.colcon_core.event_handler.log_command:Invoking command in '/home/rmc/ros2cli/build/ros2pkg': AMENT_PREFIX_PATH=/home/rmc/ros2cli/install/ros2cli:${AMENT_PREFIX_PATH} DEBUGINFOD_URLS=https://debuginfod.ubuntu.com PATH=/home/rmc/ros2cli/install/ros2cli/bin:${PATH} PYTHONPATH=/home/rmc/ros2cli/build/ros2pkg/prefix_override:/usr/lib/python3/dist-packages/colcon_core/task/python/colcon_distutils_commands:/home/rmc/ros2cli/install/ros2pkg/lib/python3.12/site-packages:/home/rmc/ros2cli/build/ros2cli:/home/rmc/ros2cli/install/ros2cli/lib/python3.12/site-packages:${PYTHONPATH} /usr/bin/python3 -W ignore:setup.py install is deprecated -W ignore:easy_install command is deprecated setup.py develop --editable --build-directory /home/rmc/ros2cli/build/ros2pkg/build --no-deps symlink_data
[2.165s] DEBUG:colcon.colcon_core.event_handler.log_command:Invoking command in '/home/rmc/ros2cli/build/ros2node': AMENT_PREFIX_PATH=/home/rmc/ros2cli/install/ros2cli:${AMENT_PREFIX_PATH} DEBUGINFOD_URLS=https://debuginfod.ubuntu.com PATH=/home/rmc/ros2cli/install/ros2cli/bin:${PATH} PYTHONPATH=/home/rmc/ros2cli/build/ros2node/prefix_override:/usr/lib/python3/dist-packages/colcon_core/task/python/colcon_distutils_commands:/home/rmc/ros2cli/install/ros2node/lib/python3.12/site-packages:/home/rmc/ros2cli/build/ros2cli:/home/rmc/ros2cli/install/ros2cli/lib/python3.12/site-packages:${PYTHONPATH} /usr/bin/python3 -W ignore:setup.py install is deprecated -W ignore:easy_install command is deprecated setup.py develop --editable --build-directory /home/rmc/ros2cli/build/ros2node/build --no-deps symlink_data
[2.211s] DEBUG:colcon.colcon_core.event_handler.log_command:Invoking command in '/home/rmc/ros2cli/build/ros2multicast': AMENT_PREFIX_PATH=/home/rmc/ros2cli/install/ros2cli:${AMENT_PREFIX_PATH} DEBUGINFOD_URLS=https://debuginfod.ubuntu.com PATH=/home/rmc/ros2cli/install/ros2cli/bin:${PATH} PYTHONPATH=/home/rmc/ros2cli/build/ros2multicast/prefix_override:/usr/lib/python3/dist-packages/colcon_core/task/python/colcon_distutils_commands:/home/rmc/ros2cli/install/ros2multicast/lib/python3.12/site-packages:/home/rmc/ros2cli/build/ros2cli:/home/rmc/ros2cli/install/ros2cli/lib/python3.12/site-packages:${PYTHONPATH} /usr/bin/python3 -W ignore:setup.py install is deprecated -W ignore:easy_install command is deprecated setup.py develop --editable --build-directory /home/rmc/ros2cli/build/ros2multicast/build --no-deps symlink_data
[2.281s] DEBUG:colcon.colcon_core.event_handler.log_command:Invoking command in '/home/rmc/ros2cli/build/ros2action': AMENT_PREFIX_PATH=/home/rmc/ros2cli/install/ros2cli:${AMENT_PREFIX_PATH} DEBUGINFOD_URLS=https://debuginfod.ubuntu.com PATH=/home/rmc/ros2cli/install/ros2cli/bin:${PATH} PYTHONPATH=/home/rmc/ros2cli/build/ros2action/prefix_override:/usr/lib/python3/dist-packages/colcon_core/task/python/colcon_distutils_commands:/home/rmc/ros2cli/install/ros2action/lib/python3.12/site-packages:/home/rmc/ros2cli/build/ros2cli:/home/rmc/ros2cli/install/ros2cli/lib/python3.12/site-packages:${PYTHONPATH} /usr/bin/python3 -W ignore:setup.py install is deprecated -W ignore:easy_install command is deprecated setup.py develop --editable --build-directory /home/rmc/ros2cli/build/ros2action/build --no-deps symlink_data
[2.335s] DEBUG:colcon.colcon_core.event_handler.log_command:Invoked command in '/home/rmc/ros2cli/build/ros2cli_test_interfaces' returned '0': CMAKE_PREFIX_PATH=${CMAKE_PREFIX_PATH}:/opt/ros/rolling DEBUGINFOD_URLS=https://debuginfod.ubuntu.com /usr/bin/cmake /home/rmc/ros2cli/ros2cli_test_interfaces -DAMENT_CMAKE_SYMLINK_INSTALL=1 -DCMAKE_INSTALL_PREFIX=/home/rmc/ros2cli/install/ros2cli_test_interfaces
[2.336s] DEBUG:colcon.colcon_core.event_handler.log_command:Invoking command in '/home/rmc/ros2cli/build/ros2cli_test_interfaces': CMAKE_PREFIX_PATH=${CMAKE_PREFIX_PATH}:/opt/ros/rolling DEBUGINFOD_URLS=https://debuginfod.ubuntu.com /usr/bin/cmake --build /home/rmc/ros2cli/build/ros2cli_test_interfaces -- -j32 -l32
[2.554s] Level 1:colcon.colcon_core.shell:create_environment_hook('ros2service', 'pythonpath_develop')
[2.554s] DEBUG:colcon.colcon_core.event_handler.log_command:Invoked command in '/home/rmc/ros2cli/build/ros2service' returned '0': AMENT_PREFIX_PATH=/home/rmc/ros2cli/install/ros2cli:${AMENT_PREFIX_PATH} DEBUGINFOD_URLS=https://debuginfod.ubuntu.com PATH=/home/rmc/ros2cli/install/ros2cli/bin:${PATH} PYTHONPATH=/home/rmc/ros2cli/build/ros2service/prefix_override:/usr/lib/python3/dist-packages/colcon_core/task/python/colcon_distutils_commands:/home/rmc/ros2cli/install/ros2service/lib/python3.12/site-packages:/home/rmc/ros2cli/build/ros2cli:/home/rmc/ros2cli/install/ros2cli/lib/python3.12/site-packages:${PYTHONPATH} /usr/bin/python3 -W ignore:setup.py install is deprecated -W ignore:easy_install command is deprecated setup.py develop --editable --build-directory /home/rmc/ros2cli/build/ros2service/build --no-deps symlink_data
[2.554s] INFO:colcon.colcon_core.shell:Creating environment hook '/home/rmc/ros2cli/build/ros2service/share/ros2service/hook/pythonpath_develop.ps1'
[2.555s] INFO:colcon.colcon_core.shell:Creating environment descriptor '/home/rmc/ros2cli/build/ros2service/share/ros2service/hook/pythonpath_develop.dsv'
[2.556s] INFO:colcon.colcon_core.shell:Creating environment hook '/home/rmc/ros2cli/build/ros2service/share/ros2service/hook/pythonpath_develop.sh'
[2.557s] Level 1:colcon.colcon_core.environment:checking '/home/rmc/ros2cli/install/ros2service' for CMake module files
[2.558s] Level 1:colcon.colcon_core.environment:checking '/home/rmc/ros2cli/install/ros2service' for CMake config files
[2.558s] Level 1:colcon.colcon_core.environment:checking '/home/rmc/ros2cli/install/ros2service/lib'
[2.558s] Level 1:colcon.colcon_core.environment:checking '/home/rmc/ros2cli/install/ros2service/bin'
[2.558s] Level 1:colcon.colcon_core.environment:checking '/home/rmc/ros2cli/install/ros2service/lib/pkgconfig/ros2service.pc'
[2.558s] Level 1:colcon.colcon_core.environment:checking '/home/rmc/ros2cli/install/ros2service/lib/python3.12/site-packages'
[2.558s] Level 1:colcon.colcon_core.shell:create_environment_hook('ros2service', 'pythonpath')
[2.558s] INFO:colcon.colcon_core.shell:Creating environment hook '/home/rmc/ros2cli/install/ros2service/share/ros2service/hook/pythonpath.ps1'
[2.559s] INFO:colcon.colcon_core.shell:Creating environment descriptor '/home/rmc/ros2cli/install/ros2service/share/ros2service/hook/pythonpath.dsv'
[2.559s] INFO:colcon.colcon_core.shell:Creating environment hook '/home/rmc/ros2cli/install/ros2service/share/ros2service/hook/pythonpath.sh'
[2.559s] Level 1:colcon.colcon_core.environment:checking '/home/rmc/ros2cli/install/ros2service/bin'
[2.559s] Level 1:colcon.colcon_core.environment:create_environment_scripts_only(ros2service)
[2.559s] INFO:colcon.colcon_core.shell:Creating package script '/home/rmc/ros2cli/install/ros2service/share/ros2service/package.ps1'
[2.560s] INFO:colcon.colcon_core.shell:Creating package descriptor '/home/rmc/ros2cli/install/ros2service/share/ros2service/package.dsv'
[2.560s] INFO:colcon.colcon_core.shell:Creating package script '/home/rmc/ros2cli/install/ros2service/share/ros2service/package.sh'
[2.560s] INFO:colcon.colcon_core.shell:Creating package script '/home/rmc/ros2cli/install/ros2service/share/ros2service/package.bash'
[2.560s] INFO:colcon.colcon_core.shell:Creating package script '/home/rmc/ros2cli/install/ros2service/share/ros2service/package.zsh'
[2.560s] Level 1:colcon.colcon_core.environment:create_file_with_runtime_dependencies(/home/rmc/ros2cli/install/ros2service/share/colcon-core/packages/ros2service)
[2.561s] Level 1:colcon.colcon_core.shell:create_environment_hook('ros2pkg', 'pythonpath_develop')
[2.561s] INFO:colcon.colcon_core.shell:Creating environment hook '/home/rmc/ros2cli/build/ros2pkg/share/ros2pkg/hook/pythonpath_develop.ps1'
[2.562s] DEBUG:colcon.colcon_core.event_handler.log_command:Invoked command in '/home/rmc/ros2cli/build/ros2pkg' returned '0': AMENT_PREFIX_PATH=/home/rmc/ros2cli/install/ros2cli:${AMENT_PREFIX_PATH} DEBUGINFOD_URLS=https://debuginfod.ubuntu.com PATH=/home/rmc/ros2cli/install/ros2cli/bin:${PATH} PYTHONPATH=/home/rmc/ros2cli/build/ros2pkg/prefix_override:/usr/lib/python3/dist-packages/colcon_core/task/python/colcon_distutils_commands:/home/rmc/ros2cli/install/ros2pkg/lib/python3.12/site-packages:/home/rmc/ros2cli/build/ros2cli:/home/rmc/ros2cli/install/ros2cli/lib/python3.12/site-packages:${PYTHONPATH} /usr/bin/python3 -W ignore:setup.py install is deprecated -W ignore:easy_install command is deprecated setup.py develop --editable --build-directory /home/rmc/ros2cli/build/ros2pkg/build --no-deps symlink_data
[2.562s] INFO:colcon.colcon_core.shell:Creating environment descriptor '/home/rmc/ros2cli/build/ros2pkg/share/ros2pkg/hook/pythonpath_develop.dsv'
[2.562s] INFO:colcon.colcon_core.shell:Creating environment hook '/home/rmc/ros2cli/build/ros2pkg/share/ros2pkg/hook/pythonpath_develop.sh'
[2.562s] Level 1:colcon.colcon_core.environment:checking '/home/rmc/ros2cli/install/ros2pkg' for CMake module files
[2.563s] Level 1:colcon.colcon_core.environment:checking '/home/rmc/ros2cli/install/ros2pkg' for CMake config files
[2.563s] Level 1:colcon.colcon_core.environment:checking '/home/rmc/ros2cli/install/ros2pkg/lib'
[2.563s] Level 1:colcon.colcon_core.environment:checking '/home/rmc/ros2cli/install/ros2pkg/bin'
[2.563s] Level 1:colcon.colcon_core.environment:checking '/home/rmc/ros2cli/install/ros2pkg/lib/pkgconfig/ros2pkg.pc'
[2.563s] Level 1:colcon.colcon_core.environment:checking '/home/rmc/ros2cli/install/ros2pkg/lib/python3.12/site-packages'
[2.563s] Level 1:colcon.colcon_core.shell:create_environment_hook('ros2pkg', 'pythonpath')
[2.563s] INFO:colcon.colcon_core.shell:Creating environment hook '/home/rmc/ros2cli/install/ros2pkg/share/ros2pkg/hook/pythonpath.ps1'
[2.563s] INFO:colcon.colcon_core.shell:Creating environment descriptor '/home/rmc/ros2cli/install/ros2pkg/share/ros2pkg/hook/pythonpath.dsv'
[2.564s] INFO:colcon.colcon_core.shell:Creating environment hook '/home/rmc/ros2cli/install/ros2pkg/share/ros2pkg/hook/pythonpath.sh'
[2.564s] Level 1:colcon.colcon_core.environment:checking '/home/rmc/ros2cli/install/ros2pkg/bin'
[2.564s] Level 1:colcon.colcon_core.environment:create_environment_scripts_only(ros2pkg)
[2.564s] INFO:colcon.colcon_core.shell:Creating package script '/home/rmc/ros2cli/install/ros2pkg/share/ros2pkg/package.ps1'
[2.564s] INFO:colcon.colcon_core.shell:Creating package descriptor '/home/rmc/ros2cli/install/ros2pkg/share/ros2pkg/package.dsv'
[2.564s] INFO:colcon.colcon_core.shell:Creating package script '/home/rmc/ros2cli/install/ros2pkg/share/ros2pkg/package.sh'
[2.565s] INFO:colcon.colcon_core.shell:Creating package script '/home/rmc/ros2cli/install/ros2pkg/share/ros2pkg/package.bash'
[2.565s] INFO:colcon.colcon_core.shell:Creating package script '/home/rmc/ros2cli/install/ros2pkg/share/ros2pkg/package.zsh'
[2.565s] Level 1:colcon.colcon_core.environment:create_file_with_runtime_dependencies(/home/rmc/ros2cli/install/ros2pkg/share/colcon-core/packages/ros2pkg)
[2.565s] INFO:colcon.colcon_ros.task.ament_python.build:Building ROS package in '/home/rmc/ros2cli/ros2run' with build type 'ament_python'
[2.565s] Level 1:colcon.colcon_core.shell:create_environment_hook('ros2run', 'ament_prefix_path')
[2.565s] INFO:colcon.colcon_core.shell:Creating environment hook '/home/rmc/ros2cli/install/ros2run/share/ros2run/hook/ament_prefix_path.ps1'
[2.566s] INFO:colcon.colcon_core.shell:Creating environment descriptor '/home/rmc/ros2cli/install/ros2run/share/ros2run/hook/ament_prefix_path.dsv'
[2.566s] INFO:colcon.colcon_core.shell:Creating environment hook '/home/rmc/ros2cli/install/ros2run/share/ros2run/hook/ament_prefix_path.sh'
[2.567s] INFO:colcon.colcon_core.shell:Skip shell extension 'powershell' for command environment: Not usable outside of PowerShell
[2.567s] DEBUG:colcon.colcon_core.shell:Skip shell extension 'dsv' for command environment
[2.573s] Level 1:colcon.colcon_core.shell:create_environment_hook('ros2topic', 'pythonpath_develop')
[2.573s] INFO:colcon.colcon_core.shell:Creating environment hook '/home/rmc/ros2cli/build/ros2topic/share/ros2topic/hook/pythonpath_develop.ps1'
[2.573s] DEBUG:colcon.colcon_core.event_handler.log_command:Invoked command in '/home/rmc/ros2cli/build/ros2topic' returned '0': AMENT_PREFIX_PATH=/home/rmc/ros2cli/install/ros2cli:${AMENT_PREFIX_PATH} DEBUGINFOD_URLS=https://debuginfod.ubuntu.com PATH=/home/rmc/ros2cli/install/ros2cli/bin:${PATH} PYTHONPATH=/home/rmc/ros2cli/build/ros2topic/prefix_override:/usr/lib/python3/dist-packages/colcon_core/task/python/colcon_distutils_commands:/home/rmc/ros2cli/install/ros2topic/lib/python3.12/site-packages:/home/rmc/ros2cli/build/ros2cli:/home/rmc/ros2cli/install/ros2cli/lib/python3.12/site-packages:${PYTHONPATH} /usr/bin/python3 -W ignore:setup.py install is deprecated -W ignore:easy_install command is deprecated setup.py develop --editable --build-directory /home/rmc/ros2cli/build/ros2topic/build --no-deps symlink_data
[2.574s] INFO:colcon.colcon_core.shell:Creating environment descriptor '/home/rmc/ros2cli/build/ros2topic/share/ros2topic/hook/pythonpath_develop.dsv'
[2.574s] INFO:colcon.colcon_core.shell:Creating environment hook '/home/rmc/ros2cli/build/ros2topic/share/ros2topic/hook/pythonpath_develop.sh'
[2.574s] Level 1:colcon.colcon_core.environment:checking '/home/rmc/ros2cli/install/ros2topic' for CMake module files
[2.575s] Level 1:colcon.colcon_core.environment:checking '/home/rmc/ros2cli/install/ros2topic' for CMake config files
[2.575s] Level 1:colcon.colcon_core.environment:checking '/home/rmc/ros2cli/install/ros2topic/lib'
[2.575s] Level 1:colcon.colcon_core.environment:checking '/home/rmc/ros2cli/install/ros2topic/bin'
[2.575s] Level 1:colcon.colcon_core.environment:checking '/home/rmc/ros2cli/install/ros2topic/lib/pkgconfig/ros2topic.pc'
[2.576s] Level 1:colcon.colcon_core.environment:checking '/home/rmc/ros2cli/install/ros2topic/lib/python3.12/site-packages'
[2.576s] Level 1:colcon.colcon_core.shell:create_environment_hook('ros2topic', 'pythonpath')
[2.576s] INFO:colcon.colcon_core.shell:Creating environment hook '/home/rmc/ros2cli/install/ros2topic/share/ros2topic/hook/pythonpath.ps1'
[2.576s] INFO:colcon.colcon_core.shell:Creating environment descriptor '/home/rmc/ros2cli/install/ros2topic/share/ros2topic/hook/pythonpath.dsv'
[2.576s] INFO:colcon.colcon_core.shell:Creating environment hook '/home/rmc/ros2cli/install/ros2topic/share/ros2topic/hook/pythonpath.sh'
[2.576s] Level 1:colcon.colcon_core.environment:checking '/home/rmc/ros2cli/install/ros2topic/bin'
[2.576s] Level 1:colcon.colcon_core.environment:create_environment_scripts_only(ros2topic)
[2.577s] INFO:colcon.colcon_core.shell:Creating package script '/home/rmc/ros2cli/install/ros2topic/share/ros2topic/package.ps1'
[2.577s] INFO:colcon.colcon_core.shell:Creating package descriptor '/home/rmc/ros2cli/install/ros2topic/share/ros2topic/package.dsv'
[2.577s] INFO:colcon.colcon_core.shell:Creating package script '/home/rmc/ros2cli/install/ros2topic/share/ros2topic/package.sh'
[2.577s] INFO:colcon.colcon_core.shell:Creating package script '/home/rmc/ros2cli/install/ros2topic/share/ros2topic/package.bash'
[2.577s] INFO:colcon.colcon_core.shell:Creating package script '/home/rmc/ros2cli/install/ros2topic/share/ros2topic/package.zsh'
[2.577s] Level 1:colcon.colcon_core.environment:create_file_with_runtime_dependencies(/home/rmc/ros2cli/install/ros2topic/share/colcon-core/packages/ros2topic)
[2.716s] INFO:colcon.colcon_core.task.python.build:Building Python package in '/home/rmc/ros2cli/ros2run'
[2.717s] INFO:colcon.colcon_core.shell:Skip shell extension 'powershell' for command environment: Not usable outside of PowerShell
[2.717s] DEBUG:colcon.colcon_core.shell:Skip shell extension 'dsv' for command environment
[2.718s] Level 1:colcon.colcon_core.shell:create_environment_hook('ros2node', 'pythonpath_develop')
[2.718s] INFO:colcon.colcon_core.shell:Creating environment hook '/home/rmc/ros2cli/build/ros2node/share/ros2node/hook/pythonpath_develop.ps1'
[2.719s] DEBUG:colcon.colcon_core.event_handler.log_command:Invoked command in '/home/rmc/ros2cli/build/ros2node' returned '0': AMENT_PREFIX_PATH=/home/rmc/ros2cli/install/ros2cli:${AMENT_PREFIX_PATH} DEBUGINFOD_URLS=https://debuginfod.ubuntu.com PATH=/home/rmc/ros2cli/install/ros2cli/bin:${PATH} PYTHONPATH=/home/rmc/ros2cli/build/ros2node/prefix_override:/usr/lib/python3/dist-packages/colcon_core/task/python/colcon_distutils_commands:/home/rmc/ros2cli/install/ros2node/lib/python3.12/site-packages:/home/rmc/ros2cli/build/ros2cli:/home/rmc/ros2cli/install/ros2cli/lib/python3.12/site-packages:${PYTHONPATH} /usr/bin/python3 -W ignore:setup.py install is deprecated -W ignore:easy_install command is deprecated setup.py develop --editable --build-directory /home/rmc/ros2cli/build/ros2node/build --no-deps symlink_data
[2.719s] INFO:colcon.colcon_core.shell:Creating environment descriptor '/home/rmc/ros2cli/build/ros2node/share/ros2node/hook/pythonpath_develop.dsv'
[2.719s] INFO:colcon.colcon_core.shell:Creating environment hook '/home/rmc/ros2cli/build/ros2node/share/ros2node/hook/pythonpath_develop.sh'
[2.719s] Level 1:colcon.colcon_core.environment:checking '/home/rmc/ros2cli/install/ros2node' for CMake module files
[2.719s] Level 1:colcon.colcon_core.environment:checking '/home/rmc/ros2cli/install/ros2node' for CMake config files
[2.719s] Level 1:colcon.colcon_core.environment:checking '/home/rmc/ros2cli/install/ros2node/lib'
[2.719s] Level 1:colcon.colcon_core.environment:checking '/home/rmc/ros2cli/install/ros2node/bin'
[2.719s] Level 1:colcon.colcon_core.environment:checking '/home/rmc/ros2cli/install/ros2node/lib/pkgconfig/ros2node.pc'
[2.720s] Level 1:colcon.colcon_core.environment:checking '/home/rmc/ros2cli/install/ros2node/lib/python3.12/site-packages'
[2.720s] Level 1:colcon.colcon_core.shell:create_environment_hook('ros2node', 'pythonpath')
[2.720s] INFO:colcon.colcon_core.shell:Creating environment hook '/home/rmc/ros2cli/install/ros2node/share/ros2node/hook/pythonpath.ps1'
[2.720s] INFO:colcon.colcon_core.shell:Creating environment descriptor '/home/rmc/ros2cli/install/ros2node/share/ros2node/hook/pythonpath.dsv'
[2.720s] INFO:colcon.colcon_core.shell:Creating environment hook '/home/rmc/ros2cli/install/ros2node/share/ros2node/hook/pythonpath.sh'
[2.720s] Level 1:colcon.colcon_core.environment:checking '/home/rmc/ros2cli/install/ros2node/bin'
[2.720s] Level 1:colcon.colcon_core.environment:create_environment_scripts_only(ros2node)
[2.720s] INFO:colcon.colcon_core.shell:Creating package script '/home/rmc/ros2cli/install/ros2node/share/ros2node/package.ps1'
[2.720s] INFO:colcon.colcon_core.shell:Creating package descriptor '/home/rmc/ros2cli/install/ros2node/share/ros2node/package.dsv'
[2.721s] INFO:colcon.colcon_core.shell:Creating package script '/home/rmc/ros2cli/install/ros2node/share/ros2node/package.sh'
[2.721s] INFO:colcon.colcon_core.shell:Creating package script '/home/rmc/ros2cli/install/ros2node/share/ros2node/package.bash'
[2.721s] INFO:colcon.colcon_core.shell:Creating package script '/home/rmc/ros2cli/install/ros2node/share/ros2node/package.zsh'
[2.721s] Level 1:colcon.colcon_core.environment:create_file_with_runtime_dependencies(/home/rmc/ros2cli/install/ros2node/share/colcon-core/packages/ros2node)
[2.721s] INFO:colcon.colcon_ros.task.ament_python.build:Building ROS package in '/home/rmc/ros2cli/ros2param' with build type 'ament_python'
[2.721s] Level 1:colcon.colcon_core.shell:create_environment_hook('ros2param', 'ament_prefix_path')
[2.721s] INFO:colcon.colcon_core.shell:Creating environment hook '/home/rmc/ros2cli/install/ros2param/share/ros2param/hook/ament_prefix_path.ps1'
[2.722s] INFO:colcon.colcon_core.shell:Creating environment descriptor '/home/rmc/ros2cli/install/ros2param/share/ros2param/hook/ament_prefix_path.dsv'
[2.723s] INFO:colcon.colcon_core.shell:Creating environment hook '/home/rmc/ros2cli/install/ros2param/share/ros2param/hook/ament_prefix_path.sh'
[2.723s] INFO:colcon.colcon_core.shell:Skip shell extension 'powershell' for command environment: Not usable outside of PowerShell
[2.723s] DEBUG:colcon.colcon_core.shell:Skip shell extension 'dsv' for command environment
[2.726s] Level 1:colcon.colcon_core.shell:create_environment_hook('ros2action', 'pythonpath_develop')
[2.726s] INFO:colcon.colcon_core.shell:Creating environment hook '/home/rmc/ros2cli/build/ros2action/share/ros2action/hook/pythonpath_develop.ps1'
[2.727s] DEBUG:colcon.colcon_core.event_handler.log_command:Invoked command in '/home/rmc/ros2cli/build/ros2action' returned '0': AMENT_PREFIX_PATH=/home/rmc/ros2cli/install/ros2cli:${AMENT_PREFIX_PATH} DEBUGINFOD_URLS=https://debuginfod.ubuntu.com PATH=/home/rmc/ros2cli/install/ros2cli/bin:${PATH} PYTHONPATH=/home/rmc/ros2cli/build/ros2action/prefix_override:/usr/lib/python3/dist-packages/colcon_core/task/python/colcon_distutils_commands:/home/rmc/ros2cli/install/ros2action/lib/python3.12/site-packages:/home/rmc/ros2cli/build/ros2cli:/home/rmc/ros2cli/install/ros2cli/lib/python3.12/site-packages:${PYTHONPATH} /usr/bin/python3 -W ignore:setup.py install is deprecated -W ignore:easy_install command is deprecated setup.py develop --editable --build-directory /home/rmc/ros2cli/build/ros2action/build --no-deps symlink_data
[2.727s] INFO:colcon.colcon_core.shell:Creating environment descriptor '/home/rmc/ros2cli/build/ros2action/share/ros2action/hook/pythonpath_develop.dsv'
[2.727s] INFO:colcon.colcon_core.shell:Creating environment hook '/home/rmc/ros2cli/build/ros2action/share/ros2action/hook/pythonpath_develop.sh'
[2.727s] Level 1:colcon.colcon_core.environment:checking '/home/rmc/ros2cli/install/ros2action' for CMake module files
[2.728s] Level 1:colcon.colcon_core.environment:checking '/home/rmc/ros2cli/install/ros2action' for CMake config files
[2.728s] Level 1:colcon.colcon_core.environment:checking '/home/rmc/ros2cli/install/ros2action/lib'
[2.728s] Level 1:colcon.colcon_core.environment:checking '/home/rmc/ros2cli/install/ros2action/bin'
[2.728s] Level 1:colcon.colcon_core.environment:checking '/home/rmc/ros2cli/install/ros2action/lib/pkgconfig/ros2action.pc'
[2.728s] Level 1:colcon.colcon_core.environment:checking '/home/rmc/ros2cli/install/ros2action/lib/python3.12/site-packages'
[2.728s] Level 1:colcon.colcon_core.shell:create_environment_hook('ros2action', 'pythonpath')
[2.728s] INFO:colcon.colcon_core.shell:Creating environment hook '/home/rmc/ros2cli/install/ros2action/share/ros2action/hook/pythonpath.ps1'
[2.729s] INFO:colcon.colcon_core.shell:Creating environment descriptor '/home/rmc/ros2cli/install/ros2action/share/ros2action/hook/pythonpath.dsv'
[2.729s] INFO:colcon.colcon_core.shell:Creating environment hook '/home/rmc/ros2cli/install/ros2action/share/ros2action/hook/pythonpath.sh'
[2.729s] Level 1:colcon.colcon_core.environment:checking '/home/rmc/ros2cli/install/ros2action/bin'
[2.729s] Level 1:colcon.colcon_core.environment:create_environment_scripts_only(ros2action)
[2.729s] INFO:colcon.colcon_core.shell:Creating package script '/home/rmc/ros2cli/install/ros2action/share/ros2action/package.ps1'
[2.730s] INFO:colcon.colcon_core.shell:Creating package descriptor '/home/rmc/ros2cli/install/ros2action/share/ros2action/package.dsv'
[2.730s] INFO:colcon.colcon_core.shell:Creating package script '/home/rmc/ros2cli/install/ros2action/share/ros2action/package.sh'
[2.731s] INFO:colcon.colcon_core.shell:Creating package script '/home/rmc/ros2cli/install/ros2action/share/ros2action/package.bash'
[2.731s] INFO:colcon.colcon_core.shell:Creating package script '/home/rmc/ros2cli/install/ros2action/share/ros2action/package.zsh'
[2.731s] Level 1:colcon.colcon_core.environment:create_file_with_runtime_dependencies(/home/rmc/ros2cli/install/ros2action/share/colcon-core/packages/ros2action)
[2.731s] Level 1:colcon.colcon_core.shell:create_environment_hook('ros2multicast', 'pythonpath_develop')
[2.731s] INFO:colcon.colcon_core.shell:Creating environment hook '/home/rmc/ros2cli/build/ros2multicast/share/ros2multicast/hook/pythonpath_develop.ps1'
[2.732s] DEBUG:colcon.colcon_core.event_handler.log_command:Invoked command in '/home/rmc/ros2cli/build/ros2multicast' returned '0': AMENT_PREFIX_PATH=/home/rmc/ros2cli/install/ros2cli:${AMENT_PREFIX_PATH} DEBUGINFOD_URLS=https://debuginfod.ubuntu.com PATH=/home/rmc/ros2cli/install/ros2cli/bin:${PATH} PYTHONPATH=/home/rmc/ros2cli/build/ros2multicast/prefix_override:/usr/lib/python3/dist-packages/colcon_core/task/python/colcon_distutils_commands:/home/rmc/ros2cli/install/ros2multicast/lib/python3.12/site-packages:/home/rmc/ros2cli/build/ros2cli:/home/rmc/ros2cli/install/ros2cli/lib/python3.12/site-packages:${PYTHONPATH} /usr/bin/python3 -W ignore:setup.py install is deprecated -W ignore:easy_install command is deprecated setup.py develop --editable --build-directory /home/rmc/ros2cli/build/ros2multicast/build --no-deps symlink_data
[2.732s] INFO:colcon.colcon_core.shell:Creating environment descriptor '/home/rmc/ros2cli/build/ros2multicast/share/ros2multicast/hook/pythonpath_develop.dsv'
[2.732s] INFO:colcon.colcon_core.shell:Creating environment hook '/home/rmc/ros2cli/build/ros2multicast/share/ros2multicast/hook/pythonpath_develop.sh'
[2.733s] Level 1:colcon.colcon_core.environment:checking '/home/rmc/ros2cli/install/ros2multicast' for CMake module files
[2.733s] Level 1:colcon.colcon_core.environment:checking '/home/rmc/ros2cli/install/ros2multicast' for CMake config files
[2.733s] Level 1:colcon.colcon_core.environment:checking '/home/rmc/ros2cli/install/ros2multicast/lib'
[2.733s] Level 1:colcon.colcon_core.environment:checking '/home/rmc/ros2cli/install/ros2multicast/bin'
[2.733s] Level 1:colcon.colcon_core.environment:checking '/home/rmc/ros2cli/install/ros2multicast/lib/pkgconfig/ros2multicast.pc'
[2.734s] Level 1:colcon.colcon_core.environment:checking '/home/rmc/ros2cli/install/ros2multicast/lib/python3.12/site-packages'
[2.734s] Level 1:colcon.colcon_core.shell:create_environment_hook('ros2multicast', 'pythonpath')
[2.734s] INFO:colcon.colcon_core.shell:Creating environment hook '/home/rmc/ros2cli/install/ros2multicast/share/ros2multicast/hook/pythonpath.ps1'
[2.734s] INFO:colcon.colcon_core.shell:Creating environment descriptor '/home/rmc/ros2cli/install/ros2multicast/share/ros2multicast/hook/pythonpath.dsv'
[2.734s] INFO:colcon.colcon_core.shell:Creating environment hook '/home/rmc/ros2cli/install/ros2multicast/share/ros2multicast/hook/pythonpath.sh'
[2.735s] Level 1:colcon.colcon_core.environment:checking '/home/rmc/ros2cli/install/ros2multicast/bin'
[2.735s] Level 1:colcon.colcon_core.environment:create_environment_scripts_only(ros2multicast)
[2.735s] INFO:colcon.colcon_core.shell:Creating package script '/home/rmc/ros2cli/install/ros2multicast/share/ros2multicast/package.ps1'
[2.735s] INFO:colcon.colcon_core.shell:Creating package descriptor '/home/rmc/ros2cli/install/ros2multicast/share/ros2multicast/package.dsv'
[2.735s] INFO:colcon.colcon_core.shell:Creating package script '/home/rmc/ros2cli/install/ros2multicast/share/ros2multicast/package.sh'
[2.736s] INFO:colcon.colcon_core.shell:Creating package script '/home/rmc/ros2cli/install/ros2multicast/share/ros2multicast/package.bash'
[2.737s] INFO:colcon.colcon_core.shell:Creating package script '/home/rmc/ros2cli/install/ros2multicast/share/ros2multicast/package.zsh'
[2.737s] Level 1:colcon.colcon_core.environment:create_file_with_runtime_dependencies(/home/rmc/ros2cli/install/ros2multicast/share/colcon-core/packages/ros2multicast)
[2.737s] INFO:colcon.colcon_ros.task.ament_python.build:Building ROS package in '/home/rmc/ros2cli/ros2doctor' with build type 'ament_python'
[2.737s] Level 1:colcon.colcon_core.shell:create_environment_hook('ros2doctor', 'ament_prefix_path')
[2.737s] INFO:colcon.colcon_core.shell:Creating environment hook '/home/rmc/ros2cli/install/ros2doctor/share/ros2doctor/hook/ament_prefix_path.ps1'
[2.738s] INFO:colcon.colcon_core.shell:Creating environment descriptor '/home/rmc/ros2cli/install/ros2doctor/share/ros2doctor/hook/ament_prefix_path.dsv'
[2.738s] INFO:colcon.colcon_core.shell:Creating environment hook '/home/rmc/ros2cli/install/ros2doctor/share/ros2doctor/hook/ament_prefix_path.sh'
[2.738s] INFO:colcon.colcon_core.shell:Skip shell extension 'powershell' for command environment: Not usable outside of PowerShell
[2.738s] DEBUG:colcon.colcon_core.shell:Skip shell extension 'dsv' for command environment
[2.859s] INFO:colcon.colcon_core.task.python.build:Building Python package in '/home/rmc/ros2cli/ros2param'
[2.859s] INFO:colcon.colcon_core.shell:Skip shell extension 'powershell' for command environment: Not usable outside of PowerShell
[2.859s] DEBUG:colcon.colcon_core.shell:Skip shell extension 'dsv' for command environment
[3.009s] INFO:colcon.colcon_core.task.python.build:Building Python package in '/home/rmc/ros2cli/ros2doctor'
[3.009s] INFO:colcon.colcon_core.shell:Skip shell extension 'powershell' for command environment: Not usable outside of PowerShell
[3.009s] DEBUG:colcon.colcon_core.shell:Skip shell extension 'dsv' for command environment
[3.011s] DEBUG:colcon.colcon_core.event_handler.log_command:Invoked command in '/home/rmc/ros2cli/build/ros2lifecycle_test_fixtures' returned '0': CMAKE_PREFIX_PATH=${CMAKE_PREFIX_PATH}:/opt/ros/rolling DEBUGINFOD_URLS=https://debuginfod.ubuntu.com /usr/bin/cmake --build /home/rmc/ros2cli/build/ros2lifecycle_test_fixtures -- -j32 -l32
[3.020s] DEBUG:colcon.colcon_core.event_handler.log_command:Invoking command in '/home/rmc/ros2cli/build/ros2lifecycle_test_fixtures': CMAKE_PREFIX_PATH=${CMAKE_PREFIX_PATH}:/opt/ros/rolling DEBUGINFOD_URLS=https://debuginfod.ubuntu.com /usr/bin/cmake --install /home/rmc/ros2cli/build/ros2lifecycle_test_fixtures
[3.136s] DEBUG:colcon.colcon_core.event_handler.log_command:Invoking command in '/home/rmc/ros2cli/build/ros2run': AMENT_PREFIX_PATH=/home/rmc/ros2cli/install/ros2pkg:/home/rmc/ros2cli/install/ros2cli:${AMENT_PREFIX_PATH} DEBUGINFOD_URLS=https://debuginfod.ubuntu.com PATH=/home/rmc/ros2cli/install/ros2cli/bin:${PATH} PYTHONPATH=/home/rmc/ros2cli/build/ros2run/prefix_override:/usr/lib/python3/dist-packages/colcon_core/task/python/colcon_distutils_commands:/home/rmc/ros2cli/install/ros2run/lib/python3.12/site-packages:/home/rmc/ros2cli/build/ros2pkg:/home/rmc/ros2cli/install/ros2pkg/lib/python3.12/site-packages:/home/rmc/ros2cli/build/ros2cli:/home/rmc/ros2cli/install/ros2cli/lib/python3.12/site-packages:${PYTHONPATH} /usr/bin/python3 -W ignore:setup.py install is deprecated -W ignore:easy_install command is deprecated setup.py develop --editable --build-directory /home/rmc/ros2cli/build/ros2run/build --no-deps symlink_data
[3.139s] Level 1:colcon.colcon_core.environment:create_environment_scripts_only(ros2lifecycle_test_fixtures)
[3.139s] Level 1:colcon.colcon_core.environment:checking '/home/rmc/ros2cli/install/ros2lifecycle_test_fixtures' for CMake module files
[3.139s] DEBUG:colcon.colcon_core.event_handler.log_command:Invoked command in '/home/rmc/ros2cli/build/ros2lifecycle_test_fixtures' returned '0': CMAKE_PREFIX_PATH=${CMAKE_PREFIX_PATH}:/opt/ros/rolling DEBUGINFOD_URLS=https://debuginfod.ubuntu.com /usr/bin/cmake --install /home/rmc/ros2cli/build/ros2lifecycle_test_fixtures
[3.139s] Level 1:colcon.colcon_core.environment:checking '/home/rmc/ros2cli/install/ros2lifecycle_test_fixtures' for CMake config files
[3.139s] Level 1:colcon.colcon_core.shell:create_environment_hook('ros2lifecycle_test_fixtures', 'cmake_prefix_path')
[3.139s] INFO:colcon.colcon_core.shell:Creating environment hook '/home/rmc/ros2cli/install/ros2lifecycle_test_fixtures/share/ros2lifecycle_test_fixtures/hook/cmake_prefix_path.ps1'
[3.140s] INFO:colcon.colcon_core.shell:Creating environment descriptor '/home/rmc/ros2cli/install/ros2lifecycle_test_fixtures/share/ros2lifecycle_test_fixtures/hook/cmake_prefix_path.dsv'
[3.140s] INFO:colcon.colcon_core.shell:Creating environment hook '/home/rmc/ros2cli/install/ros2lifecycle_test_fixtures/share/ros2lifecycle_test_fixtures/hook/cmake_prefix_path.sh'
[3.140s] Level 1:colcon.colcon_core.environment:checking '/home/rmc/ros2cli/install/ros2lifecycle_test_fixtures/lib'
[3.140s] Level 1:colcon.colcon_core.environment:checking '/home/rmc/ros2cli/install/ros2lifecycle_test_fixtures/bin'
[3.140s] Level 1:colcon.colcon_core.environment:checking '/home/rmc/ros2cli/install/ros2lifecycle_test_fixtures/lib/pkgconfig/ros2lifecycle_test_fixtures.pc'
[3.140s] Level 1:colcon.colcon_core.environment:checking '/home/rmc/ros2cli/install/ros2lifecycle_test_fixtures/lib/python3.12/site-packages'
[3.140s] Level 1:colcon.colcon_core.environment:checking '/home/rmc/ros2cli/install/ros2lifecycle_test_fixtures/bin'
[3.140s] INFO:colcon.colcon_core.shell:Creating package script '/home/rmc/ros2cli/install/ros2lifecycle_test_fixtures/share/ros2lifecycle_test_fixtures/package.ps1'
[3.141s] INFO:colcon.colcon_core.shell:Creating package descriptor '/home/rmc/ros2cli/install/ros2lifecycle_test_fixtures/share/ros2lifecycle_test_fixtures/package.dsv'
[3.141s] INFO:colcon.colcon_core.shell:Creating package script '/home/rmc/ros2cli/install/ros2lifecycle_test_fixtures/share/ros2lifecycle_test_fixtures/package.sh'
[3.141s] INFO:colcon.colcon_core.shell:Creating package script '/home/rmc/ros2cli/install/ros2lifecycle_test_fixtures/share/ros2lifecycle_test_fixtures/package.bash'
[3.141s] INFO:colcon.colcon_core.shell:Creating package script '/home/rmc/ros2cli/install/ros2lifecycle_test_fixtures/share/ros2lifecycle_test_fixtures/package.zsh'
[3.141s] Level 1:colcon.colcon_core.environment:create_file_with_runtime_dependencies(/home/rmc/ros2cli/install/ros2lifecycle_test_fixtures/share/colcon-core/packages/ros2lifecycle_test_fixtures)
[3.141s] Level 1:colcon.colcon_core.environment:create_environment_scripts_only(ros2lifecycle_test_fixtures)
[3.141s] Level 1:colcon.colcon_core.environment:checking '/home/rmc/ros2cli/install/ros2lifecycle_test_fixtures' for CMake module files
[3.142s] Level 1:colcon.colcon_core.environment:checking '/home/rmc/ros2cli/install/ros2lifecycle_test_fixtures' for CMake config files
[3.142s] Level 1:colcon.colcon_core.shell:create_environment_hook('ros2lifecycle_test_fixtures', 'cmake_prefix_path')
[3.142s] INFO:colcon.colcon_core.shell:Creating environment hook '/home/rmc/ros2cli/install/ros2lifecycle_test_fixtures/share/ros2lifecycle_test_fixtures/hook/cmake_prefix_path.ps1'
[3.142s] INFO:colcon.colcon_core.shell:Creating environment descriptor '/home/rmc/ros2cli/install/ros2lifecycle_test_fixtures/share/ros2lifecycle_test_fixtures/hook/cmake_prefix_path.dsv'
[3.142s] INFO:colcon.colcon_core.shell:Creating environment hook '/home/rmc/ros2cli/install/ros2lifecycle_test_fixtures/share/ros2lifecycle_test_fixtures/hook/cmake_prefix_path.sh'
[3.142s] Level 1:colcon.colcon_core.environment:checking '/home/rmc/ros2cli/install/ros2lifecycle_test_fixtures/lib'
[3.142s] Level 1:colcon.colcon_core.environment:checking '/home/rmc/ros2cli/install/ros2lifecycle_test_fixtures/bin'
[3.142s] Level 1:colcon.colcon_core.environment:checking '/home/rmc/ros2cli/install/ros2lifecycle_test_fixtures/lib/pkgconfig/ros2lifecycle_test_fixtures.pc'
[3.143s] Level 1:colcon.colcon_core.environment:checking '/home/rmc/ros2cli/install/ros2lifecycle_test_fixtures/lib/python3.12/site-packages'
[3.143s] Level 1:colcon.colcon_core.environment:checking '/home/rmc/ros2cli/install/ros2lifecycle_test_fixtures/bin'
[3.143s] INFO:colcon.colcon_core.shell:Creating package script '/home/rmc/ros2cli/install/ros2lifecycle_test_fixtures/share/ros2lifecycle_test_fixtures/package.ps1'
[3.143s] INFO:colcon.colcon_core.shell:Creating package descriptor '/home/rmc/ros2cli/install/ros2lifecycle_test_fixtures/share/ros2lifecycle_test_fixtures/package.dsv'
[3.143s] INFO:colcon.colcon_core.shell:Creating package script '/home/rmc/ros2cli/install/ros2lifecycle_test_fixtures/share/ros2lifecycle_test_fixtures/package.sh'
[3.143s] INFO:colcon.colcon_core.shell:Creating package script '/home/rmc/ros2cli/install/ros2lifecycle_test_fixtures/share/ros2lifecycle_test_fixtures/package.bash'
[3.143s] INFO:colcon.colcon_core.shell:Creating package script '/home/rmc/ros2cli/install/ros2lifecycle_test_fixtures/share/ros2lifecycle_test_fixtures/package.zsh'
[3.144s] Level 1:colcon.colcon_core.environment:create_file_with_runtime_dependencies(/home/rmc/ros2cli/install/ros2lifecycle_test_fixtures/share/colcon-core/packages/ros2lifecycle_test_fixtures)
[3.144s] INFO:colcon.colcon_ros.task.ament_python.build:Building ROS package in '/home/rmc/ros2cli/ros2lifecycle' with build type 'ament_python'
[3.144s] Level 1:colcon.colcon_core.shell:create_environment_hook('ros2lifecycle', 'ament_prefix_path')
[3.144s] INFO:colcon.colcon_core.shell:Creating environment hook '/home/rmc/ros2cli/install/ros2lifecycle/share/ros2lifecycle/hook/ament_prefix_path.ps1'
[3.144s] INFO:colcon.colcon_core.shell:Creating environment descriptor '/home/rmc/ros2cli/install/ros2lifecycle/share/ros2lifecycle/hook/ament_prefix_path.dsv'
[3.144s] INFO:colcon.colcon_core.shell:Creating environment hook '/home/rmc/ros2cli/install/ros2lifecycle/share/ros2lifecycle/hook/ament_prefix_path.sh'
[3.145s] INFO:colcon.colcon_core.shell:Skip shell extension 'powershell' for command environment: Not usable outside of PowerShell
[3.145s] DEBUG:colcon.colcon_core.shell:Skip shell extension 'dsv' for command environment
[3.298s] INFO:colcon.colcon_core.task.python.build:Building Python package in '/home/rmc/ros2cli/ros2lifecycle'
[3.299s] INFO:colcon.colcon_core.shell:Skip shell extension 'powershell' for command environment: Not usable outside of PowerShell
[3.299s] DEBUG:colcon.colcon_core.shell:Skip shell extension 'dsv' for command environment
[3.428s] DEBUG:colcon.colcon_core.event_handler.log_command:Invoking command in '/home/rmc/ros2cli/build/ros2doctor': AMENT_PREFIX_PATH=/home/rmc/ros2cli/install/ros2action:/home/rmc/ros2cli/install/ros2cli:${AMENT_PREFIX_PATH} DEBUGINFOD_URLS=https://debuginfod.ubuntu.com PATH=/home/rmc/ros2cli/install/ros2cli/bin:${PATH} PYTHONPATH=/home/rmc/ros2cli/build/ros2doctor/prefix_override:/usr/lib/python3/dist-packages/colcon_core/task/python/colcon_distutils_commands:/home/rmc/ros2cli/install/ros2doctor/lib/python3.12/site-packages:/home/rmc/ros2cli/build/ros2action:/home/rmc/ros2cli/install/ros2action/lib/python3.12/site-packages:/home/rmc/ros2cli/build/ros2cli:/home/rmc/ros2cli/install/ros2cli/lib/python3.12/site-packages:${PYTHONPATH} /usr/bin/python3 -W ignore:setup.py install is deprecated -W ignore:easy_install command is deprecated setup.py develop --editable --build-directory /home/rmc/ros2cli/build/ros2doctor/build --no-deps symlink_data
[3.429s] DEBUG:colcon.colcon_core.event_handler.log_command:Invoking command in '/home/rmc/ros2cli/build/ros2param': AMENT_PREFIX_PATH=/home/rmc/ros2cli/install/ros2service:/home/rmc/ros2cli/install/ros2node:/home/rmc/ros2cli/install/ros2cli:${AMENT_PREFIX_PATH} DEBUGINFOD_URLS=https://debuginfod.ubuntu.com PATH=/home/rmc/ros2cli/install/ros2cli/bin:${PATH} PYTHONPATH=/home/rmc/ros2cli/build/ros2param/prefix_override:/usr/lib/python3/dist-packages/colcon_core/task/python/colcon_distutils_commands:/home/rmc/ros2cli/install/ros2param/lib/python3.12/site-packages:/home/rmc/ros2cli/build/ros2service:/home/rmc/ros2cli/install/ros2service/lib/python3.12/site-packages:/home/rmc/ros2cli/build/ros2node:/home/rmc/ros2cli/install/ros2node/lib/python3.12/site-packages:/home/rmc/ros2cli/build/ros2cli:/home/rmc/ros2cli/install/ros2cli/lib/python3.12/site-packages:${PYTHONPATH} /usr/bin/python3 -W ignore:setup.py install is deprecated -W ignore:easy_install command is deprecated setup.py develop --editable --build-directory /home/rmc/ros2cli/build/ros2param/build --no-deps symlink_data
[3.709s] Level 1:colcon.colcon_core.shell:create_environment_hook('ros2run', 'pythonpath_develop')
[3.710s] INFO:colcon.colcon_core.shell:Creating environment hook '/home/rmc/ros2cli/build/ros2run/share/ros2run/hook/pythonpath_develop.ps1'
[3.710s] DEBUG:colcon.colcon_core.event_handler.log_command:Invoked command in '/home/rmc/ros2cli/build/ros2run' returned '0': AMENT_PREFIX_PATH=/home/rmc/ros2cli/install/ros2pkg:/home/rmc/ros2cli/install/ros2cli:${AMENT_PREFIX_PATH} DEBUGINFOD_URLS=https://debuginfod.ubuntu.com PATH=/home/rmc/ros2cli/install/ros2cli/bin:${PATH} PYTHONPATH=/home/rmc/ros2cli/build/ros2run/prefix_override:/usr/lib/python3/dist-packages/colcon_core/task/python/colcon_distutils_commands:/home/rmc/ros2cli/install/ros2run/lib/python3.12/site-packages:/home/rmc/ros2cli/build/ros2pkg:/home/rmc/ros2cli/install/ros2pkg/lib/python3.12/site-packages:/home/rmc/ros2cli/build/ros2cli:/home/rmc/ros2cli/install/ros2cli/lib/python3.12/site-packages:${PYTHONPATH} /usr/bin/python3 -W ignore:setup.py install is deprecated -W ignore:easy_install command is deprecated setup.py develop --editable --build-directory /home/rmc/ros2cli/build/ros2run/build --no-deps symlink_data
[3.711s] INFO:colcon.colcon_core.shell:Creating environment descriptor '/home/rmc/ros2cli/build/ros2run/share/ros2run/hook/pythonpath_develop.dsv'
[3.711s] INFO:colcon.colcon_core.shell:Creating environment hook '/home/rmc/ros2cli/build/ros2run/share/ros2run/hook/pythonpath_develop.sh'
[3.712s] Level 1:colcon.colcon_core.environment:checking '/home/rmc/ros2cli/install/ros2run' for CMake module files
[3.712s] Level 1:colcon.colcon_core.environment:checking '/home/rmc/ros2cli/install/ros2run' for CMake config files
[3.713s] Level 1:colcon.colcon_core.environment:checking '/home/rmc/ros2cli/install/ros2run/lib'
[3.713s] Level 1:colcon.colcon_core.environment:checking '/home/rmc/ros2cli/install/ros2run/bin'
[3.713s] Level 1:colcon.colcon_core.environment:checking '/home/rmc/ros2cli/install/ros2run/lib/pkgconfig/ros2run.pc'
[3.713s] Level 1:colcon.colcon_core.environment:checking '/home/rmc/ros2cli/install/ros2run/lib/python3.12/site-packages'
[3.713s] Level 1:colcon.colcon_core.shell:create_environment_hook('ros2run', 'pythonpath')
[3.713s] INFO:colcon.colcon_core.shell:Creating environment hook '/home/rmc/ros2cli/install/ros2run/share/ros2run/hook/pythonpath.ps1'
[3.714s] INFO:colcon.colcon_core.shell:Creating environment descriptor '/home/rmc/ros2cli/install/ros2run/share/ros2run/hook/pythonpath.dsv'
[3.714s] INFO:colcon.colcon_core.shell:Creating environment hook '/home/rmc/ros2cli/install/ros2run/share/ros2run/hook/pythonpath.sh'
[3.715s] Level 1:colcon.colcon_core.environment:checking '/home/rmc/ros2cli/install/ros2run/bin'
[3.715s] Level 1:colcon.colcon_core.environment:create_environment_scripts_only(ros2run)
[3.715s] INFO:colcon.colcon_core.shell:Creating package script '/home/rmc/ros2cli/install/ros2run/share/ros2run/package.ps1'
[3.716s] INFO:colcon.colcon_core.shell:Creating package descriptor '/home/rmc/ros2cli/install/ros2run/share/ros2run/package.dsv'
[3.716s] INFO:colcon.colcon_core.shell:Creating package script '/home/rmc/ros2cli/install/ros2run/share/ros2run/package.sh'
[3.717s] INFO:colcon.colcon_core.shell:Creating package script '/home/rmc/ros2cli/install/ros2run/share/ros2run/package.bash'
[3.717s] INFO:colcon.colcon_core.shell:Creating package script '/home/rmc/ros2cli/install/ros2run/share/ros2run/package.zsh'
[3.718s] Level 1:colcon.colcon_core.environment:create_file_with_runtime_dependencies(/home/rmc/ros2cli/install/ros2run/share/colcon-core/packages/ros2run)
[3.756s] DEBUG:colcon.colcon_core.event_handler.log_command:Invoking command in '/home/rmc/ros2cli/build/ros2lifecycle': AMENT_PREFIX_PATH=/home/rmc/ros2cli/install/ros2service:/home/rmc/ros2cli/install/ros2node:/home/rmc/ros2cli/install/ros2lifecycle_test_fixtures:/home/rmc/ros2cli/install/ros2cli:${AMENT_PREFIX_PATH} CMAKE_PREFIX_PATH=/home/rmc/ros2cli/install/ros2lifecycle_test_fixtures:${CMAKE_PREFIX_PATH} DEBUGINFOD_URLS=https://debuginfod.ubuntu.com PATH=/home/rmc/ros2cli/install/ros2cli/bin:${PATH} PYTHONPATH=/home/rmc/ros2cli/build/ros2lifecycle/prefix_override:/usr/lib/python3/dist-packages/colcon_core/task/python/colcon_distutils_commands:/home/rmc/ros2cli/install/ros2lifecycle/lib/python3.12/site-packages:/home/rmc/ros2cli/build/ros2service:/home/rmc/ros2cli/install/ros2service/lib/python3.12/site-packages:/home/rmc/ros2cli/build/ros2node:/home/rmc/ros2cli/install/ros2node/lib/python3.12/site-packages:/home/rmc/ros2cli/build/ros2cli:/home/rmc/ros2cli/install/ros2cli/lib/python3.12/site-packages:${PYTHONPATH} /usr/bin/python3 -W ignore:setup.py install is deprecated -W ignore:easy_install command is deprecated setup.py develop --editable --build-directory /home/rmc/ros2cli/build/ros2lifecycle/build --no-deps symlink_data
[3.916s] Level 1:colcon.colcon_core.shell:create_environment_hook('ros2doctor', 'pythonpath_develop')
[3.916s] DEBUG:colcon.colcon_core.event_handler.log_command:Invoked command in '/home/rmc/ros2cli/build/ros2doctor' returned '0': AMENT_PREFIX_PATH=/home/rmc/ros2cli/install/ros2action:/home/rmc/ros2cli/install/ros2cli:${AMENT_PREFIX_PATH} DEBUGINFOD_URLS=https://debuginfod.ubuntu.com PATH=/home/rmc/ros2cli/install/ros2cli/bin:${PATH} PYTHONPATH=/home/rmc/ros2cli/build/ros2doctor/prefix_override:/usr/lib/python3/dist-packages/colcon_core/task/python/colcon_distutils_commands:/home/rmc/ros2cli/install/ros2doctor/lib/python3.12/site-packages:/home/rmc/ros2cli/build/ros2action:/home/rmc/ros2cli/install/ros2action/lib/python3.12/site-packages:/home/rmc/ros2cli/build/ros2cli:/home/rmc/ros2cli/install/ros2cli/lib/python3.12/site-packages:${PYTHONPATH} /usr/bin/python3 -W ignore:setup.py install is deprecated -W ignore:easy_install command is deprecated setup.py develop --editable --build-directory /home/rmc/ros2cli/build/ros2doctor/build --no-deps symlink_data
[3.916s] INFO:colcon.colcon_core.shell:Creating environment hook '/home/rmc/ros2cli/build/ros2doctor/share/ros2doctor/hook/pythonpath_develop.ps1'
[3.917s] INFO:colcon.colcon_core.shell:Creating environment descriptor '/home/rmc/ros2cli/build/ros2doctor/share/ros2doctor/hook/pythonpath_develop.dsv'
[3.917s] INFO:colcon.colcon_core.shell:Creating environment hook '/home/rmc/ros2cli/build/ros2doctor/share/ros2doctor/hook/pythonpath_develop.sh'
[3.917s] Level 1:colcon.colcon_core.environment:checking '/home/rmc/ros2cli/install/ros2doctor' for CMake module files
[3.917s] Level 1:colcon.colcon_core.environment:checking '/home/rmc/ros2cli/install/ros2doctor' for CMake config files
[3.917s] Level 1:colcon.colcon_core.environment:checking '/home/rmc/ros2cli/install/ros2doctor/lib'
[3.918s] Level 1:colcon.colcon_core.environment:checking '/home/rmc/ros2cli/install/ros2doctor/bin'
[3.918s] Level 1:colcon.colcon_core.environment:checking '/home/rmc/ros2cli/install/ros2doctor/lib/pkgconfig/ros2doctor.pc'
[3.918s] Level 1:colcon.colcon_core.environment:checking '/home/rmc/ros2cli/install/ros2doctor/lib/python3.12/site-packages'
[3.918s] Level 1:colcon.colcon_core.shell:create_environment_hook('ros2doctor', 'pythonpath')
[3.918s] INFO:colcon.colcon_core.shell:Creating environment hook '/home/rmc/ros2cli/install/ros2doctor/share/ros2doctor/hook/pythonpath.ps1'
[3.918s] INFO:colcon.colcon_core.shell:Creating environment descriptor '/home/rmc/ros2cli/install/ros2doctor/share/ros2doctor/hook/pythonpath.dsv'
[3.918s] INFO:colcon.colcon_core.shell:Creating environment hook '/home/rmc/ros2cli/install/ros2doctor/share/ros2doctor/hook/pythonpath.sh'
[3.919s] Level 1:colcon.colcon_core.environment:checking '/home/rmc/ros2cli/install/ros2doctor/bin'
[3.919s] Level 1:colcon.colcon_core.environment:create_environment_scripts_only(ros2doctor)
[3.919s] INFO:colcon.colcon_core.shell:Creating package script '/home/rmc/ros2cli/install/ros2doctor/share/ros2doctor/package.ps1'
[3.919s] INFO:colcon.colcon_core.shell:Creating package descriptor '/home/rmc/ros2cli/install/ros2doctor/share/ros2doctor/package.dsv'
[3.919s] INFO:colcon.colcon_core.shell:Creating package script '/home/rmc/ros2cli/install/ros2doctor/share/ros2doctor/package.sh'
[3.919s] INFO:colcon.colcon_core.shell:Creating package script '/home/rmc/ros2cli/install/ros2doctor/share/ros2doctor/package.bash'
[3.920s] INFO:colcon.colcon_core.shell:Creating package script '/home/rmc/ros2cli/install/ros2doctor/share/ros2doctor/package.zsh'
[3.920s] Level 1:colcon.colcon_core.environment:create_file_with_runtime_dependencies(/home/rmc/ros2cli/install/ros2doctor/share/colcon-core/packages/ros2doctor)
[4.231s] Level 1:colcon.colcon_core.shell:create_environment_hook('ros2lifecycle', 'pythonpath_develop')
[4.232s] INFO:colcon.colcon_core.shell:Creating environment hook '/home/rmc/ros2cli/build/ros2lifecycle/share/ros2lifecycle/hook/pythonpath_develop.ps1'
[4.232s] DEBUG:colcon.colcon_core.event_handler.log_command:Invoked command in '/home/rmc/ros2cli/build/ros2lifecycle' returned '0': AMENT_PREFIX_PATH=/home/rmc/ros2cli/install/ros2service:/home/rmc/ros2cli/install/ros2node:/home/rmc/ros2cli/install/ros2lifecycle_test_fixtures:/home/rmc/ros2cli/install/ros2cli:${AMENT_PREFIX_PATH} CMAKE_PREFIX_PATH=/home/rmc/ros2cli/install/ros2lifecycle_test_fixtures:${CMAKE_PREFIX_PATH} DEBUGINFOD_URLS=https://debuginfod.ubuntu.com PATH=/home/rmc/ros2cli/install/ros2cli/bin:${PATH} PYTHONPATH=/home/rmc/ros2cli/build/ros2lifecycle/prefix_override:/usr/lib/python3/dist-packages/colcon_core/task/python/colcon_distutils_commands:/home/rmc/ros2cli/install/ros2lifecycle/lib/python3.12/site-packages:/home/rmc/ros2cli/build/ros2service:/home/rmc/ros2cli/install/ros2service/lib/python3.12/site-packages:/home/rmc/ros2cli/build/ros2node:/home/rmc/ros2cli/install/ros2node/lib/python3.12/site-packages:/home/rmc/ros2cli/build/ros2cli:/home/rmc/ros2cli/install/ros2cli/lib/python3.12/site-packages:${PYTHONPATH} /usr/bin/python3 -W ignore:setup.py install is deprecated -W ignore:easy_install command is deprecated setup.py develop --editable --build-directory /home/rmc/ros2cli/build/ros2lifecycle/build --no-deps symlink_data
[4.232s] INFO:colcon.colcon_core.shell:Creating environment descriptor '/home/rmc/ros2cli/build/ros2lifecycle/share/ros2lifecycle/hook/pythonpath_develop.dsv'
[4.233s] INFO:colcon.colcon_core.shell:Creating environment hook '/home/rmc/ros2cli/build/ros2lifecycle/share/ros2lifecycle/hook/pythonpath_develop.sh'
[4.233s] Level 1:colcon.colcon_core.environment:checking '/home/rmc/ros2cli/install/ros2lifecycle' for CMake module files
[4.233s] Level 1:colcon.colcon_core.environment:checking '/home/rmc/ros2cli/install/ros2lifecycle' for CMake config files
[4.234s] Level 1:colcon.colcon_core.environment:checking '/home/rmc/ros2cli/install/ros2lifecycle/lib'
[4.234s] Level 1:colcon.colcon_core.environment:checking '/home/rmc/ros2cli/install/ros2lifecycle/bin'
[4.234s] Level 1:colcon.colcon_core.environment:checking '/home/rmc/ros2cli/install/ros2lifecycle/lib/pkgconfig/ros2lifecycle.pc'
[4.234s] Level 1:colcon.colcon_core.environment:checking '/home/rmc/ros2cli/install/ros2lifecycle/lib/python3.12/site-packages'
[4.234s] Level 1:colcon.colcon_core.shell:create_environment_hook('ros2lifecycle', 'pythonpath')
[4.234s] INFO:colcon.colcon_core.shell:Creating environment hook '/home/rmc/ros2cli/install/ros2lifecycle/share/ros2lifecycle/hook/pythonpath.ps1'
[4.234s] INFO:colcon.colcon_core.shell:Creating environment descriptor '/home/rmc/ros2cli/install/ros2lifecycle/share/ros2lifecycle/hook/pythonpath.dsv'
[4.234s] INFO:colcon.colcon_core.shell:Creating environment hook '/home/rmc/ros2cli/install/ros2lifecycle/share/ros2lifecycle/hook/pythonpath.sh'
[4.235s] Level 1:colcon.colcon_core.environment:checking '/home/rmc/ros2cli/install/ros2lifecycle/bin'
[4.235s] Level 1:colcon.colcon_core.environment:create_environment_scripts_only(ros2lifecycle)
[4.235s] INFO:colcon.colcon_core.shell:Creating package script '/home/rmc/ros2cli/install/ros2lifecycle/share/ros2lifecycle/package.ps1'
[4.235s] INFO:colcon.colcon_core.shell:Creating package descriptor '/home/rmc/ros2cli/install/ros2lifecycle/share/ros2lifecycle/package.dsv'
[4.235s] INFO:colcon.colcon_core.shell:Creating package script '/home/rmc/ros2cli/install/ros2lifecycle/share/ros2lifecycle/package.sh'
[4.235s] INFO:colcon.colcon_core.shell:Creating package script '/home/rmc/ros2cli/install/ros2lifecycle/share/ros2lifecycle/package.bash'
[4.236s] INFO:colcon.colcon_core.shell:Creating package script '/home/rmc/ros2cli/install/ros2lifecycle/share/ros2lifecycle/package.zsh'
[4.236s] Level 1:colcon.colcon_core.environment:create_file_with_runtime_dependencies(/home/rmc/ros2cli/install/ros2lifecycle/share/colcon-core/packages/ros2lifecycle)
[4.250s] Level 1:colcon.colcon_core.shell:create_environment_hook('ros2param', 'pythonpath_develop')
[4.251s] INFO:colcon.colcon_core.shell:Creating environment hook '/home/rmc/ros2cli/build/ros2param/share/ros2param/hook/pythonpath_develop.ps1'
[4.251s] DEBUG:colcon.colcon_core.event_handler.log_command:Invoked command in '/home/rmc/ros2cli/build/ros2param' returned '0': AMENT_PREFIX_PATH=/home/rmc/ros2cli/install/ros2service:/home/rmc/ros2cli/install/ros2node:/home/rmc/ros2cli/install/ros2cli:${AMENT_PREFIX_PATH} DEBUGINFOD_URLS=https://debuginfod.ubuntu.com PATH=/home/rmc/ros2cli/install/ros2cli/bin:${PATH} PYTHONPATH=/home/rmc/ros2cli/build/ros2param/prefix_override:/usr/lib/python3/dist-packages/colcon_core/task/python/colcon_distutils_commands:/home/rmc/ros2cli/install/ros2param/lib/python3.12/site-packages:/home/rmc/ros2cli/build/ros2service:/home/rmc/ros2cli/install/ros2service/lib/python3.12/site-packages:/home/rmc/ros2cli/build/ros2node:/home/rmc/ros2cli/install/ros2node/lib/python3.12/site-packages:/home/rmc/ros2cli/build/ros2cli:/home/rmc/ros2cli/install/ros2cli/lib/python3.12/site-packages:${PYTHONPATH} /usr/bin/python3 -W ignore:setup.py install is deprecated -W ignore:easy_install command is deprecated setup.py develop --editable --build-directory /home/rmc/ros2cli/build/ros2param/build --no-deps symlink_data
[4.251s] INFO:colcon.colcon_core.shell:Creating environment descriptor '/home/rmc/ros2cli/build/ros2param/share/ros2param/hook/pythonpath_develop.dsv'
[4.251s] INFO:colcon.colcon_core.shell:Creating environment hook '/home/rmc/ros2cli/build/ros2param/share/ros2param/hook/pythonpath_develop.sh'
[4.252s] Level 1:colcon.colcon_core.environment:checking '/home/rmc/ros2cli/install/ros2param' for CMake module files
[4.252s] Level 1:colcon.colcon_core.environment:checking '/home/rmc/ros2cli/install/ros2param' for CMake config files
[4.252s] Level 1:colcon.colcon_core.environment:checking '/home/rmc/ros2cli/install/ros2param/lib'
[4.252s] Level 1:colcon.colcon_core.environment:checking '/home/rmc/ros2cli/install/ros2param/bin'
[4.252s] Level 1:colcon.colcon_core.environment:checking '/home/rmc/ros2cli/install/ros2param/lib/pkgconfig/ros2param.pc'
[4.252s] Level 1:colcon.colcon_core.environment:checking '/home/rmc/ros2cli/install/ros2param/lib/python3.12/site-packages'
[4.252s] Level 1:colcon.colcon_core.shell:create_environment_hook('ros2param', 'pythonpath')
[4.252s] INFO:colcon.colcon_core.shell:Creating environment hook '/home/rmc/ros2cli/install/ros2param/share/ros2param/hook/pythonpath.ps1'
[4.253s] INFO:colcon.colcon_core.shell:Creating environment descriptor '/home/rmc/ros2cli/install/ros2param/share/ros2param/hook/pythonpath.dsv'
[4.253s] INFO:colcon.colcon_core.shell:Creating environment hook '/home/rmc/ros2cli/install/ros2param/share/ros2param/hook/pythonpath.sh'
[4.253s] Level 1:colcon.colcon_core.environment:checking '/home/rmc/ros2cli/install/ros2param/bin'
[4.253s] Level 1:colcon.colcon_core.environment:create_environment_scripts_only(ros2param)
[4.253s] INFO:colcon.colcon_core.shell:Creating package script '/home/rmc/ros2cli/install/ros2param/share/ros2param/package.ps1'
[4.253s] INFO:colcon.colcon_core.shell:Creating package descriptor '/home/rmc/ros2cli/install/ros2param/share/ros2param/package.dsv'
[4.254s] INFO:colcon.colcon_core.shell:Creating package script '/home/rmc/ros2cli/install/ros2param/share/ros2param/package.sh'
[4.254s] INFO:colcon.colcon_core.shell:Creating package script '/home/rmc/ros2cli/install/ros2param/share/ros2param/package.bash'
[4.254s] INFO:colcon.colcon_core.shell:Creating package script '/home/rmc/ros2cli/install/ros2param/share/ros2param/package.zsh'
[4.254s] Level 1:colcon.colcon_core.environment:create_file_with_runtime_dependencies(/home/rmc/ros2cli/install/ros2param/share/colcon-core/packages/ros2param)
[4.254s] INFO:colcon.colcon_ros.task.ament_python.build:Building ROS package in '/home/rmc/ros2cli/ros2component' with build type 'ament_python'
[4.254s] Level 1:colcon.colcon_core.shell:create_environment_hook('ros2component', 'ament_prefix_path')
[4.254s] INFO:colcon.colcon_core.shell:Creating environment hook '/home/rmc/ros2cli/install/ros2component/share/ros2component/hook/ament_prefix_path.ps1'
[4.255s] INFO:colcon.colcon_core.shell:Creating environment descriptor '/home/rmc/ros2cli/install/ros2component/share/ros2component/hook/ament_prefix_path.dsv'
[4.255s] INFO:colcon.colcon_core.shell:Creating environment hook '/home/rmc/ros2cli/install/ros2component/share/ros2component/hook/ament_prefix_path.sh'
[4.255s] INFO:colcon.colcon_core.shell:Skip shell extension 'powershell' for command environment: Not usable outside of PowerShell
[4.255s] DEBUG:colcon.colcon_core.shell:Skip shell extension 'dsv' for command environment
[4.387s] INFO:colcon.colcon_core.task.python.build:Building Python package in '/home/rmc/ros2cli/ros2component'
[4.387s] INFO:colcon.colcon_core.shell:Skip shell extension 'powershell' for command environment: Not usable outside of PowerShell
[4.387s] DEBUG:colcon.colcon_core.shell:Skip shell extension 'dsv' for command environment
[4.736s] DEBUG:colcon.colcon_core.event_handler.log_command:Invoking command in '/home/rmc/ros2cli/build/ros2component': AMENT_PREFIX_PATH=/home/rmc/ros2cli/install/ros2param:/home/rmc/ros2cli/install/ros2service:/home/rmc/ros2cli/install/ros2pkg:/home/rmc/ros2cli/install/ros2node:/home/rmc/ros2cli/install/ros2cli:${AMENT_PREFIX_PATH} DEBUGINFOD_URLS=https://debuginfod.ubuntu.com PATH=/home/rmc/ros2cli/install/ros2cli/bin:${PATH} PYTHONPATH=/home/rmc/ros2cli/build/ros2component/prefix_override:/usr/lib/python3/dist-packages/colcon_core/task/python/colcon_distutils_commands:/home/rmc/ros2cli/install/ros2component/lib/python3.12/site-packages:/home/rmc/ros2cli/build/ros2param:/home/rmc/ros2cli/install/ros2param/lib/python3.12/site-packages:/home/rmc/ros2cli/build/ros2service:/home/rmc/ros2cli/install/ros2service/lib/python3.12/site-packages:/home/rmc/ros2cli/build/ros2pkg:/home/rmc/ros2cli/install/ros2pkg/lib/python3.12/site-packages:/home/rmc/ros2cli/build/ros2node:/home/rmc/ros2cli/install/ros2node/lib/python3.12/site-packages:/home/rmc/ros2cli/build/ros2cli:/home/rmc/ros2cli/install/ros2cli/lib/python3.12/site-packages:${PYTHONPATH} /usr/bin/python3 -W ignore:setup.py install is deprecated -W ignore:easy_install command is deprecated setup.py develop --editable --build-directory /home/rmc/ros2cli/build/ros2component/build --no-deps symlink_data
[5.129s] Level 1:colcon.colcon_core.shell:create_environment_hook('ros2component', 'pythonpath_develop')
[5.130s] INFO:colcon.colcon_core.shell:Creating environment hook '/home/rmc/ros2cli/build/ros2component/share/ros2component/hook/pythonpath_develop.ps1'
[5.130s] DEBUG:colcon.colcon_core.event_handler.log_command:Invoked command in '/home/rmc/ros2cli/build/ros2component' returned '0': AMENT_PREFIX_PATH=/home/rmc/ros2cli/install/ros2param:/home/rmc/ros2cli/install/ros2service:/home/rmc/ros2cli/install/ros2pkg:/home/rmc/ros2cli/install/ros2node:/home/rmc/ros2cli/install/ros2cli:${AMENT_PREFIX_PATH} DEBUGINFOD_URLS=https://debuginfod.ubuntu.com PATH=/home/rmc/ros2cli/install/ros2cli/bin:${PATH} PYTHONPATH=/home/rmc/ros2cli/build/ros2component/prefix_override:/usr/lib/python3/dist-packages/colcon_core/task/python/colcon_distutils_commands:/home/rmc/ros2cli/install/ros2component/lib/python3.12/site-packages:/home/rmc/ros2cli/build/ros2param:/home/rmc/ros2cli/install/ros2param/lib/python3.12/site-packages:/home/rmc/ros2cli/build/ros2service:/home/rmc/ros2cli/install/ros2service/lib/python3.12/site-packages:/home/rmc/ros2cli/build/ros2pkg:/home/rmc/ros2cli/install/ros2pkg/lib/python3.12/site-packages:/home/rmc/ros2cli/build/ros2node:/home/rmc/ros2cli/install/ros2node/lib/python3.12/site-packages:/home/rmc/ros2cli/build/ros2cli:/home/rmc/ros2cli/install/ros2cli/lib/python3.12/site-packages:${PYTHONPATH} /usr/bin/python3 -W ignore:setup.py install is deprecated -W ignore:easy_install command is deprecated setup.py develop --editable --build-directory /home/rmc/ros2cli/build/ros2component/build --no-deps symlink_data
[5.130s] INFO:colcon.colcon_core.shell:Creating environment descriptor '/home/rmc/ros2cli/build/ros2component/share/ros2component/hook/pythonpath_develop.dsv'
[5.131s] INFO:colcon.colcon_core.shell:Creating environment hook '/home/rmc/ros2cli/build/ros2component/share/ros2component/hook/pythonpath_develop.sh'
[5.131s] Level 1:colcon.colcon_core.environment:checking '/home/rmc/ros2cli/install/ros2component' for CMake module files
[5.131s] Level 1:colcon.colcon_core.environment:checking '/home/rmc/ros2cli/install/ros2component' for CMake config files
[5.131s] Level 1:colcon.colcon_core.environment:checking '/home/rmc/ros2cli/install/ros2component/lib'
[5.131s] Level 1:colcon.colcon_core.environment:checking '/home/rmc/ros2cli/install/ros2component/bin'
[5.131s] Level 1:colcon.colcon_core.environment:checking '/home/rmc/ros2cli/install/ros2component/lib/pkgconfig/ros2component.pc'
[5.131s] Level 1:colcon.colcon_core.environment:checking '/home/rmc/ros2cli/install/ros2component/lib/python3.12/site-packages'
[5.132s] Level 1:colcon.colcon_core.shell:create_environment_hook('ros2component', 'pythonpath')
[5.132s] INFO:colcon.colcon_core.shell:Creating environment hook '/home/rmc/ros2cli/install/ros2component/share/ros2component/hook/pythonpath.ps1'
[5.132s] INFO:colcon.colcon_core.shell:Creating environment descriptor '/home/rmc/ros2cli/install/ros2component/share/ros2component/hook/pythonpath.dsv'
[5.132s] INFO:colcon.colcon_core.shell:Creating environment hook '/home/rmc/ros2cli/install/ros2component/share/ros2component/hook/pythonpath.sh'
[5.132s] Level 1:colcon.colcon_core.environment:checking '/home/rmc/ros2cli/install/ros2component/bin'
[5.132s] Level 1:colcon.colcon_core.environment:create_environment_scripts_only(ros2component)
[5.133s] INFO:colcon.colcon_core.shell:Creating package script '/home/rmc/ros2cli/install/ros2component/share/ros2component/package.ps1'
[5.133s] INFO:colcon.colcon_core.shell:Creating package descriptor '/home/rmc/ros2cli/install/ros2component/share/ros2component/package.dsv'
[5.133s] INFO:colcon.colcon_core.shell:Creating package script '/home/rmc/ros2cli/install/ros2component/share/ros2component/package.sh'
[5.133s] INFO:colcon.colcon_core.shell:Creating package script '/home/rmc/ros2cli/install/ros2component/share/ros2component/package.bash'
[5.133s] INFO:colcon.colcon_core.shell:Creating package script '/home/rmc/ros2cli/install/ros2component/share/ros2component/package.zsh'
[5.133s] Level 1:colcon.colcon_core.environment:create_file_with_runtime_dependencies(/home/rmc/ros2cli/install/ros2component/share/colcon-core/packages/ros2component)
[5.247s] DEBUG:colcon.colcon_core.event_handler.log_command:Invoked command in '/home/rmc/ros2cli/build/ros2cli_test_interfaces' returned '0': CMAKE_PREFIX_PATH=${CMAKE_PREFIX_PATH}:/opt/ros/rolling DEBUGINFOD_URLS=https://debuginfod.ubuntu.com /usr/bin/cmake --build /home/rmc/ros2cli/build/ros2cli_test_interfaces -- -j32 -l32
[5.248s] DEBUG:colcon.colcon_core.event_handler.log_command:Invoking command in '/home/rmc/ros2cli/build/ros2cli_test_interfaces': CMAKE_PREFIX_PATH=${CMAKE_PREFIX_PATH}:/opt/ros/rolling DEBUGINFOD_URLS=https://debuginfod.ubuntu.com /usr/bin/cmake --install /home/rmc/ros2cli/build/ros2cli_test_interfaces
[6.194s] Level 1:colcon.colcon_core.environment:create_environment_scripts_only(ros2cli_test_interfaces)
[6.194s] Level 1:colcon.colcon_core.environment:checking '/home/rmc/ros2cli/install/ros2cli_test_interfaces' for CMake module files
[6.194s] DEBUG:colcon.colcon_core.event_handler.log_command:Invoked command in '/home/rmc/ros2cli/build/ros2cli_test_interfaces' returned '0': CMAKE_PREFIX_PATH=${CMAKE_PREFIX_PATH}:/opt/ros/rolling DEBUGINFOD_URLS=https://debuginfod.ubuntu.com /usr/bin/cmake --install /home/rmc/ros2cli/build/ros2cli_test_interfaces
[6.195s] Level 1:colcon.colcon_core.environment:checking '/home/rmc/ros2cli/install/ros2cli_test_interfaces' for CMake config files
[6.196s] Level 1:colcon.colcon_core.shell:create_environment_hook('ros2cli_test_interfaces', 'cmake_prefix_path')
[6.196s] INFO:colcon.colcon_core.shell:Creating environment hook '/home/rmc/ros2cli/install/ros2cli_test_interfaces/share/ros2cli_test_interfaces/hook/cmake_prefix_path.ps1'
[6.196s] INFO:colcon.colcon_core.shell:Creating environment descriptor '/home/rmc/ros2cli/install/ros2cli_test_interfaces/share/ros2cli_test_interfaces/hook/cmake_prefix_path.dsv'
[6.196s] INFO:colcon.colcon_core.shell:Creating environment hook '/home/rmc/ros2cli/install/ros2cli_test_interfaces/share/ros2cli_test_interfaces/hook/cmake_prefix_path.sh'
[6.197s] Level 1:colcon.colcon_core.environment:checking '/home/rmc/ros2cli/install/ros2cli_test_interfaces/lib'
[6.197s] Level 1:colcon.colcon_core.shell:create_environment_hook('ros2cli_test_interfaces', 'ld_library_path_lib')
[6.197s] INFO:colcon.colcon_core.shell:Creating environment hook '/home/rmc/ros2cli/install/ros2cli_test_interfaces/share/ros2cli_test_interfaces/hook/ld_library_path_lib.ps1'
[6.197s] INFO:colcon.colcon_core.shell:Creating environment descriptor '/home/rmc/ros2cli/install/ros2cli_test_interfaces/share/ros2cli_test_interfaces/hook/ld_library_path_lib.dsv'
[6.197s] INFO:colcon.colcon_core.shell:Creating environment hook '/home/rmc/ros2cli/install/ros2cli_test_interfaces/share/ros2cli_test_interfaces/hook/ld_library_path_lib.sh'
[6.198s] Level 1:colcon.colcon_core.environment:checking '/home/rmc/ros2cli/install/ros2cli_test_interfaces/bin'
[6.198s] Level 1:colcon.colcon_core.environment:checking '/home/rmc/ros2cli/install/ros2cli_test_interfaces/lib/pkgconfig/ros2cli_test_interfaces.pc'
[6.198s] Level 1:colcon.colcon_core.environment:checking '/home/rmc/ros2cli/install/ros2cli_test_interfaces/lib/python3.12/site-packages'
[6.198s] Level 1:colcon.colcon_core.shell:create_environment_hook('ros2cli_test_interfaces', 'pythonpath')
[6.198s] INFO:colcon.colcon_core.shell:Creating environment hook '/home/rmc/ros2cli/install/ros2cli_test_interfaces/share/ros2cli_test_interfaces/hook/pythonpath.ps1'
[6.198s] INFO:colcon.colcon_core.shell:Creating environment descriptor '/home/rmc/ros2cli/install/ros2cli_test_interfaces/share/ros2cli_test_interfaces/hook/pythonpath.dsv'
[6.199s] INFO:colcon.colcon_core.shell:Creating environment hook '/home/rmc/ros2cli/install/ros2cli_test_interfaces/share/ros2cli_test_interfaces/hook/pythonpath.sh'
[6.199s] Level 1:colcon.colcon_core.environment:checking '/home/rmc/ros2cli/install/ros2cli_test_interfaces/bin'
[6.199s] INFO:colcon.colcon_core.shell:Creating package script '/home/rmc/ros2cli/install/ros2cli_test_interfaces/share/ros2cli_test_interfaces/package.ps1'
[6.199s] INFO:colcon.colcon_core.shell:Creating package descriptor '/home/rmc/ros2cli/install/ros2cli_test_interfaces/share/ros2cli_test_interfaces/package.dsv'
[6.199s] INFO:colcon.colcon_core.shell:Creating package script '/home/rmc/ros2cli/install/ros2cli_test_interfaces/share/ros2cli_test_interfaces/package.sh'
[6.200s] INFO:colcon.colcon_core.shell:Creating package script '/home/rmc/ros2cli/install/ros2cli_test_interfaces/share/ros2cli_test_interfaces/package.bash'
[6.200s] INFO:colcon.colcon_core.shell:Creating package script '/home/rmc/ros2cli/install/ros2cli_test_interfaces/share/ros2cli_test_interfaces/package.zsh'
[6.200s] Level 1:colcon.colcon_core.environment:create_file_with_runtime_dependencies(/home/rmc/ros2cli/install/ros2cli_test_interfaces/share/colcon-core/packages/ros2cli_test_interfaces)
[6.200s] Level 1:colcon.colcon_core.environment:create_environment_scripts_only(ros2cli_test_interfaces)
[6.200s] Level 1:colcon.colcon_core.environment:checking '/home/rmc/ros2cli/install/ros2cli_test_interfaces' for CMake module files
[6.200s] Level 1:colcon.colcon_core.environment:checking '/home/rmc/ros2cli/install/ros2cli_test_interfaces' for CMake config files
[6.201s] Level 1:colcon.colcon_core.shell:create_environment_hook('ros2cli_test_interfaces', 'cmake_prefix_path')
[6.201s] INFO:colcon.colcon_core.shell:Creating environment hook '/home/rmc/ros2cli/install/ros2cli_test_interfaces/share/ros2cli_test_interfaces/hook/cmake_prefix_path.ps1'
[6.201s] INFO:colcon.colcon_core.shell:Creating environment descriptor '/home/rmc/ros2cli/install/ros2cli_test_interfaces/share/ros2cli_test_interfaces/hook/cmake_prefix_path.dsv'
[6.201s] INFO:colcon.colcon_core.shell:Creating environment hook '/home/rmc/ros2cli/install/ros2cli_test_interfaces/share/ros2cli_test_interfaces/hook/cmake_prefix_path.sh'
[6.201s] Level 1:colcon.colcon_core.environment:checking '/home/rmc/ros2cli/install/ros2cli_test_interfaces/lib'
[6.201s] Level 1:colcon.colcon_core.shell:create_environment_hook('ros2cli_test_interfaces', 'ld_library_path_lib')
[6.201s] INFO:colcon.colcon_core.shell:Creating environment hook '/home/rmc/ros2cli/install/ros2cli_test_interfaces/share/ros2cli_test_interfaces/hook/ld_library_path_lib.ps1'
[6.202s] INFO:colcon.colcon_core.shell:Creating environment descriptor '/home/rmc/ros2cli/install/ros2cli_test_interfaces/share/ros2cli_test_interfaces/hook/ld_library_path_lib.dsv'
[6.202s] INFO:colcon.colcon_core.shell:Creating environment hook '/home/rmc/ros2cli/install/ros2cli_test_interfaces/share/ros2cli_test_interfaces/hook/ld_library_path_lib.sh'
[6.202s] Level 1:colcon.colcon_core.environment:checking '/home/rmc/ros2cli/install/ros2cli_test_interfaces/bin'
[6.202s] Level 1:colcon.colcon_core.environment:checking '/home/rmc/ros2cli/install/ros2cli_test_interfaces/lib/pkgconfig/ros2cli_test_interfaces.pc'
[6.202s] Level 1:colcon.colcon_core.environment:checking '/home/rmc/ros2cli/install/ros2cli_test_interfaces/lib/python3.12/site-packages'
[6.202s] Level 1:colcon.colcon_core.shell:create_environment_hook('ros2cli_test_interfaces', 'pythonpath')
[6.202s] INFO:colcon.colcon_core.shell:Creating environment hook '/home/rmc/ros2cli/install/ros2cli_test_interfaces/share/ros2cli_test_interfaces/hook/pythonpath.ps1'
[6.202s] INFO:colcon.colcon_core.shell:Creating environment descriptor '/home/rmc/ros2cli/install/ros2cli_test_interfaces/share/ros2cli_test_interfaces/hook/pythonpath.dsv'
[6.202s] INFO:colcon.colcon_core.shell:Creating environment hook '/home/rmc/ros2cli/install/ros2cli_test_interfaces/share/ros2cli_test_interfaces/hook/pythonpath.sh'
[6.203s] Level 1:colcon.colcon_core.environment:checking '/home/rmc/ros2cli/install/ros2cli_test_interfaces/bin'
[6.203s] INFO:colcon.colcon_core.shell:Creating package script '/home/rmc/ros2cli/install/ros2cli_test_interfaces/share/ros2cli_test_interfaces/package.ps1'
[6.203s] INFO:colcon.colcon_core.shell:Creating package descriptor '/home/rmc/ros2cli/install/ros2cli_test_interfaces/share/ros2cli_test_interfaces/package.dsv'
[6.203s] INFO:colcon.colcon_core.shell:Creating package script '/home/rmc/ros2cli/install/ros2cli_test_interfaces/share/ros2cli_test_interfaces/package.sh'
[6.203s] INFO:colcon.colcon_core.shell:Creating package script '/home/rmc/ros2cli/install/ros2cli_test_interfaces/share/ros2cli_test_interfaces/package.bash'
[6.204s] INFO:colcon.colcon_core.shell:Creating package script '/home/rmc/ros2cli/install/ros2cli_test_interfaces/share/ros2cli_test_interfaces/package.zsh'
[6.204s] Level 1:colcon.colcon_core.environment:create_file_with_runtime_dependencies(/home/rmc/ros2cli/install/ros2cli_test_interfaces/share/colcon-core/packages/ros2cli_test_interfaces)
[6.204s] INFO:colcon.colcon_ros.task.ament_python.build:Building ROS package in '/home/rmc/ros2cli/ros2interface' with build type 'ament_python'
[6.204s] Level 1:colcon.colcon_core.shell:create_environment_hook('ros2interface', 'ament_prefix_path')
[6.204s] INFO:colcon.colcon_core.shell:Creating environment hook '/home/rmc/ros2cli/install/ros2interface/share/ros2interface/hook/ament_prefix_path.ps1'
[6.204s] INFO:colcon.colcon_core.shell:Creating environment descriptor '/home/rmc/ros2cli/install/ros2interface/share/ros2interface/hook/ament_prefix_path.dsv'
[6.205s] INFO:colcon.colcon_core.shell:Creating environment hook '/home/rmc/ros2cli/install/ros2interface/share/ros2interface/hook/ament_prefix_path.sh'
[6.205s] INFO:colcon.colcon_core.shell:Skip shell extension 'powershell' for command environment: Not usable outside of PowerShell
[6.205s] DEBUG:colcon.colcon_core.shell:Skip shell extension 'dsv' for command environment
[6.332s] INFO:colcon.colcon_core.task.python.build:Building Python package in '/home/rmc/ros2cli/ros2interface'
[6.333s] INFO:colcon.colcon_core.shell:Skip shell extension 'powershell' for command environment: Not usable outside of PowerShell
[6.333s] DEBUG:colcon.colcon_core.shell:Skip shell extension 'dsv' for command environment
[6.668s] DEBUG:colcon.colcon_core.event_handler.log_command:Invoking command in '/home/rmc/ros2cli/build/ros2interface': AMENT_PREFIX_PATH=/home/rmc/ros2cli/install/ros2cli_test_interfaces:/home/rmc/ros2cli/install/ros2cli:${AMENT_PREFIX_PATH} CMAKE_PREFIX_PATH=/home/rmc/ros2cli/install/ros2cli_test_interfaces:${CMAKE_PREFIX_PATH} DEBUGINFOD_URLS=https://debuginfod.ubuntu.com LD_LIBRARY_PATH=/home/rmc/ros2cli/install/ros2cli_test_interfaces/lib:${LD_LIBRARY_PATH} PATH=/home/rmc/ros2cli/install/ros2cli/bin:${PATH} PYTHONPATH=/home/rmc/ros2cli/build/ros2interface/prefix_override:/usr/lib/python3/dist-packages/colcon_core/task/python/colcon_distutils_commands:/home/rmc/ros2cli/install/ros2interface/lib/python3.12/site-packages:/home/rmc/ros2cli/install/ros2cli_test_interfaces/lib/python3.12/site-packages:/home/rmc/ros2cli/build/ros2cli:/home/rmc/ros2cli/install/ros2cli/lib/python3.12/site-packages:${PYTHONPATH} /usr/bin/python3 -W ignore:setup.py install is deprecated -W ignore:easy_install command is deprecated setup.py develop --editable --build-directory /home/rmc/ros2cli/build/ros2interface/build --no-deps symlink_data
[7.032s] Level 1:colcon.colcon_core.shell:create_environment_hook('ros2interface', 'pythonpath_develop')
[7.032s] INFO:colcon.colcon_core.shell:Creating environment hook '/home/rmc/ros2cli/build/ros2interface/share/ros2interface/hook/pythonpath_develop.ps1'
[7.033s] DEBUG:colcon.colcon_core.event_handler.log_command:Invoked command in '/home/rmc/ros2cli/build/ros2interface' returned '0': AMENT_PREFIX_PATH=/home/rmc/ros2cli/install/ros2cli_test_interfaces:/home/rmc/ros2cli/install/ros2cli:${AMENT_PREFIX_PATH} CMAKE_PREFIX_PATH=/home/rmc/ros2cli/install/ros2cli_test_interfaces:${CMAKE_PREFIX_PATH} DEBUGINFOD_URLS=https://debuginfod.ubuntu.com LD_LIBRARY_PATH=/home/rmc/ros2cli/install/ros2cli_test_interfaces/lib:${LD_LIBRARY_PATH} PATH=/home/rmc/ros2cli/install/ros2cli/bin:${PATH} PYTHONPATH=/home/rmc/ros2cli/build/ros2interface/prefix_override:/usr/lib/python3/dist-packages/colcon_core/task/python/colcon_distutils_commands:/home/rmc/ros2cli/install/ros2interface/lib/python3.12/site-packages:/home/rmc/ros2cli/install/ros2cli_test_interfaces/lib/python3.12/site-packages:/home/rmc/ros2cli/build/ros2cli:/home/rmc/ros2cli/install/ros2cli/lib/python3.12/site-packages:${PYTHONPATH} /usr/bin/python3 -W ignore:setup.py install is deprecated -W ignore:easy_install command is deprecated setup.py develop --editable --build-directory /home/rmc/ros2cli/build/ros2interface/build --no-deps symlink_data
[7.033s] INFO:colcon.colcon_core.shell:Creating environment descriptor '/home/rmc/ros2cli/build/ros2interface/share/ros2interface/hook/pythonpath_develop.dsv'
[7.033s] INFO:colcon.colcon_core.shell:Creating environment hook '/home/rmc/ros2cli/build/ros2interface/share/ros2interface/hook/pythonpath_develop.sh'
[7.033s] Level 1:colcon.colcon_core.environment:checking '/home/rmc/ros2cli/install/ros2interface' for CMake module files
[7.034s] Level 1:colcon.colcon_core.environment:checking '/home/rmc/ros2cli/install/ros2interface' for CMake config files
[7.034s] Level 1:colcon.colcon_core.environment:checking '/home/rmc/ros2cli/install/ros2interface/lib'
[7.034s] Level 1:colcon.colcon_core.environment:checking '/home/rmc/ros2cli/install/ros2interface/bin'
[7.034s] Level 1:colcon.colcon_core.environment:checking '/home/rmc/ros2cli/install/ros2interface/lib/pkgconfig/ros2interface.pc'
[7.034s] Level 1:colcon.colcon_core.environment:checking '/home/rmc/ros2cli/install/ros2interface/lib/python3.12/site-packages'
[7.034s] Level 1:colcon.colcon_core.shell:create_environment_hook('ros2interface', 'pythonpath')
[7.034s] INFO:colcon.colcon_core.shell:Creating environment hook '/home/rmc/ros2cli/install/ros2interface/share/ros2interface/hook/pythonpath.ps1'
[7.034s] INFO:colcon.colcon_core.shell:Creating environment descriptor '/home/rmc/ros2cli/install/ros2interface/share/ros2interface/hook/pythonpath.dsv'
[7.034s] INFO:colcon.colcon_core.shell:Creating environment hook '/home/rmc/ros2cli/install/ros2interface/share/ros2interface/hook/pythonpath.sh'
[7.035s] Level 1:colcon.colcon_core.environment:checking '/home/rmc/ros2cli/install/ros2interface/bin'
[7.035s] Level 1:colcon.colcon_core.environment:create_environment_scripts_only(ros2interface)
[7.035s] INFO:colcon.colcon_core.shell:Creating package script '/home/rmc/ros2cli/install/ros2interface/share/ros2interface/package.ps1'
[7.035s] INFO:colcon.colcon_core.shell:Creating package descriptor '/home/rmc/ros2cli/install/ros2interface/share/ros2interface/package.dsv'
[7.035s] INFO:colcon.colcon_core.shell:Creating package script '/home/rmc/ros2cli/install/ros2interface/share/ros2interface/package.sh'
[7.035s] INFO:colcon.colcon_core.shell:Creating package script '/home/rmc/ros2cli/install/ros2interface/share/ros2interface/package.bash'
[7.035s] INFO:colcon.colcon_core.shell:Creating package script '/home/rmc/ros2cli/install/ros2interface/share/ros2interface/package.zsh'
[7.035s] Level 1:colcon.colcon_core.environment:create_file_with_runtime_dependencies(/home/rmc/ros2cli/install/ros2interface/share/colcon-core/packages/ros2interface)
[7.036s] DEBUG:colcon.colcon_parallel_executor.executor.parallel:closing loop
[7.036s] DEBUG:colcon.colcon_parallel_executor.executor.parallel:loop closed
[7.036s] DEBUG:colcon.colcon_parallel_executor.executor.parallel:run_until_complete finished with '0'
[7.036s] DEBUG:colcon.colcon_core.event_reactor:joining thread
[7.041s] INFO:colcon.colcon_core.plugin_system:Skipping extension 'colcon_notification.desktop_notification.terminal_notifier': Not used on non-Darwin systems
[7.041s] INFO:colcon.colcon_core.plugin_system:Skipping extension 'colcon_notification.desktop_notification.win32': Not used on non-Windows systems
[7.041s] INFO:colcon.colcon_notification.desktop_notification:Sending desktop notification using 'notify2'
[7.055s] DEBUG:colcon.colcon_core.event_reactor:joined thread
[7.055s] INFO:colcon.colcon_core.shell:Creating prefix script '/home/rmc/ros2cli/install/local_setup.ps1'
[7.056s] INFO:colcon.colcon_core.shell:Creating prefix util module '/home/rmc/ros2cli/install/_local_setup_util_ps1.py'
[7.056s] INFO:colcon.colcon_core.shell:Creating prefix chain script '/home/rmc/ros2cli/install/setup.ps1'
[7.056s] INFO:colcon.colcon_core.shell:Creating prefix script '/home/rmc/ros2cli/install/local_setup.sh'
[7.057s] INFO:colcon.colcon_core.shell:Creating prefix util module '/home/rmc/ros2cli/install/_local_setup_util_sh.py'
[7.057s] INFO:colcon.colcon_core.shell:Creating prefix chain script '/home/rmc/ros2cli/install/setup.sh'
[7.057s] INFO:colcon.colcon_core.shell:Creating prefix script '/home/rmc/ros2cli/install/local_setup.bash'
[7.057s] INFO:colcon.colcon_core.shell:Creating prefix chain script '/home/rmc/ros2cli/install/setup.bash'
[7.058s] INFO:colcon.colcon_core.shell:Creating prefix script '/home/rmc/ros2cli/install/local_setup.zsh'
[7.058s] INFO:colcon.colcon_core.shell:Creating prefix chain script '/home/rmc/ros2cli/install/setup.zsh'
